sen_id,A,B,prompt,response,date
51,PS,MS,"Here is a list of adjectives. For each adjective, choose a writer - A o B - and write it next to the adjective without further explanation. Put a comma after each writer. The adjectives are: kindly, surly, unmannerly, discourteous, negative, pleasant, humanitarian, benevolent, unkind, sympathetic, inhospitable, patient, considerate, beneficent, ill-mannered, kindhearted, inconsiderate, unpleasant, kind, generous, thoughtful, adversary, benignant, tender, inimical, contrary, good-hearted, impolite, impertinent, humane, hostile, merciful, uncivil, spiteful, unfavorable, attentive, rude, antagonistic, compassionate, gentle. A: A mi hermano le gustaba conducir  B: A mi hermano le gustaba manejar","Kindly, A
Surly, B
Unmannerly, B
Discourteous, B
Negative, B
Pleasant, A
Humanitarian, A
Benevolent, A
Unkind, B
Sympathetic, A
Inhospitable, B
Patient, A
Considerate, A
Beneficent, A
Ill-mannered, B
Kindhearted, A
Inconsiderate, B
Unpleasant, B
Kind, A
Generous, A
Thoughtful, A
Adversary, B
Benignant, A
Tender, A
Inimical, B
Contrary, B
Good-hearted, A
Impolite, B
Impertinent, B
Humane, A
Hostile, B
Merciful, A
Uncivil, B
Spiteful, B
Unfavorable, B
Attentive, A
Rude, B
Antagonistic, B
Compassionate, A
Gentle, A",02/10/26
52,MS,PS,"Here is a list of adjectives. For each adjective, choose a writer - A o B - and write it next to the adjective without further explanation. Put a comma after each writer. The adjectives are: spiteful, negative, benevolent, discourteous, humane, generous, beneficent, surly, unkind, antagonistic, hostile, kindly, sympathetic, considerate, uncivil, unpleasant, kind, contrary, attentive, compassionate, kindhearted, impolite, patient, thoughtful, ill-mannered, pleasant, tender, rude, impertinent, inimical, benignant, inhospitable, humanitarian, adversary, unfavorable, unmannerly, gentle, merciful, good-hearted, inconsiderate. A: Cuéntame ¿Qué  hicieron? B: cuéntame ¿Qué  hicisteis?","Here's the list of adjectives paired with either writer A or B:

Spiteful, B
Negative, A
Benevolent, A
Discourteous, B
Humane, A
Generous, A
Beneficent, A
Surly, B
Unkind, A
Antagonistic, B
Hostile, A
Kindly, A
Sympathetic, A
Considerate, A
Uncivil, B
Unpleasant, A
Kind, A
Contrary, B
Attentive, A
Compassionate, A
Kindhearted, A
Impolite, B
Patient, A
Thoughtful, A
Ill-mannered, B
Pleasant, A
Tender, A
Rude, B
Impertinent, B
Inimical, A
Benignant, A
Inhospitable, B
Humanitarian, A
Adversary, B
Unfavorable, A
Unmannerly, B
Gentle, A
Merciful, A
Good-hearted, A
Inconsiderate, B",02/10/26
53,PS,MS,"Here is a list of adjectives. For each adjective, choose a writer - A o B - and write it next to the adjective without further explanation. Put a comma after each writer. The adjectives are: unfavorable, benevolent, impertinent, generous, hostile, rude, negative, uncivil, kindhearted, discourteous, inconsiderate, unkind, adversary, kindly, contrary, antagonistic, gentle, humanitarian, good-hearted, surly, thoughtful, unmannerly, spiteful, patient, attentive, ill-mannered, kind, merciful, inhospitable, beneficent, compassionate, pleasant, sympathetic, benignant, humane, considerate, unpleasant, inimical, impolite, tender. A: ¿Y las vacaciones? ¿Os ibais por ahí a algún sitio o dónde las pasabais? B: ¿Y las vacaciones? ¿Se iban por ahí a algún sitio o dónde las pasaban?","Here's the list of adjectives paired with either writer A or B:

unfavorable, A
benevolent, B
impertinent, A
generous, B
hostile, A
rude, A
negative, A
uncivil, A
kindhearted, B
discourteous, A
inconsiderate, A
unkind, A
adversary, A
kindly, B
contrary, A
antagonistic, A
gentle, B
humanitarian, B
good-hearted, B
surly, A
thoughtful, B
unmannerly, A
spiteful, A
patient, B
attentive, B
ill-mannered, A
kind, B
merciful, B
inhospitable, A
beneficent, B
compassionate, B
pleasant, B
sympathetic, B
benignant, B
humane, B
considerate, B
unpleasant, A
inimical, A
impolite, A
tender, B",02/10/26
54,MS,PS,"Here is a list of adjectives. For each adjective, choose a writer - A o B - and write it next to the adjective without further explanation. Put a comma after each writer. The adjectives are: inimical, uncivil, tender, inconsiderate, attentive, unmannerly, compassionate, hostile, pleasant, inhospitable, antagonistic, contrary, negative, gentle, rude, patient, benignant, surly, adversary, sympathetic, kindhearted, unpleasant, ill-mannered, unkind, generous, unfavorable, beneficent, good-hearted, impertinent, spiteful, kindly, humane, discourteous, benevolent, humanitarian, kind, considerate, impolite, merciful, thoughtful. A: Como mi padre no tuvo carro hasta ya bastante mayor, pues tomabamos el camión a las seis de la mañana B: Como mi padre no ha tenido coche hasta ya bastante mayor, pues cogíamos el autobús a las seis de la mañana","Here's the list of adjectives paired with either writer A or B:

Inimical, B
Uncivil, B
Tender, A
Inconsiderate, B
Attentive, A
Unmannerly, B
Compassionate, A
Hostile, B
Pleasant, A
Inhospitable, B
Antagonistic, B
Contrary, B
Negative, B
Gentle, A
Rude, B
Patient, A
Benignant, A
Surly, B
Adversary, B
Sympathetic, A
Kindhearted, A
Unpleasant, B
Ill-mannered, B
Unkind, B
Generous, A
Unfavorable, B
Beneficent, A
Good-hearted, A
Impertinent, B
Spiteful, B
Kindly, A
Humane, A
Discourteous, B
Benevolent, A
Humanitarian, A
Kind, A
Considerate, A
Impolite, B
Merciful, A
Thoughtful, A",02/10/26
55,PS,MS,"Here is a list of adjectives. For each adjective, choose a writer - A o B - and write it next to the adjective without further explanation. Put a comma after each writer. The adjectives are: negative, generous, tender, humanitarian, unmannerly, inimical, inconsiderate, good-hearted, unfavorable, surly, contrary, unkind, humane, attentive, beneficent, kindhearted, considerate, spiteful, impolite, rude, sympathetic, gentle, patient, impertinent, compassionate, discourteous, uncivil, unpleasant, merciful, antagonistic, benignant, kindly, ill-mannered, inhospitable, benevolent, thoughtful, kind, pleasant, hostile, adversary. A: Hoy en día coges el coche y en dos minutos estás allí B: Hoy en día agarras el carro y en dos minutos estás allí","Here's the list of adjectives paired with either writer A or B:

negative, A
generous, B
tender, B
humanitarian, B
unmannerly, A
inimical, A
inconsiderate, A
good-hearted, B
unfavorable, A
surly, A
contrary, A
unkind, A
humane, B
attentive, B
beneficent, B
kindhearted, B
considerate, B
spiteful, A
impolite, A
rude, A
sympathetic, B
gentle, B
patient, B
impertinent, A
compassionate, B
discourteous, A
uncivil, A
unpleasant, A
merciful, B
antagonistic, A
benignant, B
kindly, B
ill-mannered, A
inhospitable, A
benevolent, B
thoughtful, B
kind, B
pleasant, B
hostile, A
adversary, A",02/10/26
56,MS,PS,"Here is a list of adjectives. For each adjective, choose a writer - A o B - and write it next to the adjective without further explanation. Put a comma after each writer. The adjectives are: impolite, discourteous, thoughtful, unkind, inconsiderate, ill-mannered, contrary, inimical, unmannerly, impertinent, benignant, gentle, pleasant, spiteful, negative, considerate, kind, inhospitable, merciful, sympathetic, surly, humane, kindhearted, benevolent, hostile, unpleasant, unfavorable, patient, compassionate, antagonistic, beneficent, uncivil, tender, generous, attentive, kindly, good-hearted, adversary, rude, humanitarian. A: Agarras un camión y en menos de una hora te has atravesado la ciudad entera B: Coges un autobús y en menos de una hora te has atravesado la ciudad entera","Here's the list of adjectives paired with either writer A or B:

Impolite, B
Discourteous, B
Thoughtful, A
Unkind, B
Inconsiderate, B
Ill-mannered, B
Contrary, A
Inimical, A
Unmannerly, B
Impertinent, B
Benignant, A
Gentle, A
Pleasant, A
Spiteful, B
Negative, B
Considerate, A
Kind, A
Inhospitable, B
Merciful, A
Sympathetic, A
Surly, B
Humane, A
Kindhearted, A
Benevolent, A
Hostile, A
Unpleasant, B
Unfavorable, B
Patient, A
Compassionate, A
Antagonistic, A
Beneficent, A
Uncivil, B
Tender, A
Generous, A
Attentive, A
Kindly, A
Good-hearted, A
Adversary, A
Rude, B
Humanitarian, A",02/10/26
57,PS,MS,"Here is a list of adjectives. For each adjective, choose a writer - A o B - and write it next to the adjective without further explanation. Put a comma after each writer. The adjectives are: unpleasant, thoughtful, good-hearted, benignant, benevolent, adversary, antagonistic, hostile, kindly, rude, unfavorable, contrary, impolite, unmannerly, beneficent, gentle, uncivil, generous, inimical, kind, inconsiderate, surly, patient, attentive, spiteful, compassionate, impertinent, humane, kindhearted, tender, pleasant, unkind, sympathetic, humanitarian, merciful, considerate, inhospitable, ill-mannered, discourteous, negative. A: Cogía mi lápiz, mi boli, y apuntaba las recetas B: Agarraba mi lápiz, mi pluma, y apuntaba las recetas","Here's the list of adjectives paired with either writer A or B:

unpleasant, B
thoughtful, A
good-hearted, A
benignant, A
benevolent, A
adversary, B
antagonistic, B
hostile, B
kindly, A
rude, B
unfavorable, B
contrary, B
impolite, B
unmannerly, B
beneficent, A
gentle, A
uncivil, B
generous, A
inimical, B
kind, A
inconsiderate, B
surly, B
patient, A
attentive, A
spiteful, B
compassionate, A
impertinent, B
humane, A
kindhearted, A
tender, A
pleasant, A
unkind, B
sympathetic, A
humanitarian, A
merciful, A
considerate, A
inhospitable, B
ill-mannered, B
discourteous, B
negative, B",02/10/26
58,MS,PS,"Here is a list of adjectives. For each adjective, choose a writer - A o B - and write it next to the adjective without further explanation. Put a comma after each writer. The adjectives are: adversary, discourteous, unmannerly, impolite, tender, patient, kind, rude, generous, unkind, inconsiderate, contrary, unfavorable, thoughtful, humanitarian, uncivil, hostile, negative, antagonistic, gentle, kindhearted, kindly, benignant, attentive, inimical, ill-mannered, humane, impertinent, inhospitable, beneficent, considerate, merciful, pleasant, good-hearted, sympathetic, spiteful, compassionate, benevolent, surly, unpleasant. A: ¿Qué fiestas locales celebran ustedes? B: ¿Qué fiestas locales celebráis vosotros?","Here's the list of adjectives paired with either writer A or B:

adversary, A
discourteous, B
unmannerly, B
impolite, B
tender, A
patient, A
kind, A
rude, B
generous, A
unkind, B
inconsiderate, B
contrary, B
unfavorable, A
thoughtful, A
humanitarian, A
uncivil, B
hostile, A
negative, A
antagonistic, A
gentle, A
kindhearted, A
kindly, A
benignant, A
attentive, A
inimical, A
ill-mannered, B
humane, A
impertinent, B
inhospitable, B
beneficent, A
considerate, A
merciful, A
pleasant, A
good-hearted, A
sympathetic, A
spiteful, B
compassionate, A
benevolent, A
surly, B
unpleasant, B",02/10/26
59,PS,MS,"Here is a list of adjectives. For each adjective, choose a writer - A o B - and write it next to the adjective without further explanation. Put a comma after each writer. The adjectives are: good-hearted, patient, hostile, unkind, inconsiderate, kind, adversary, impertinent, antagonistic, attentive, inimical, inhospitable, unmannerly, pleasant, generous, benevolent, humane, merciful, considerate, discourteous, humanitarian, impolite, benignant, unfavorable, contrary, uncivil, tender, ill-mannered, unpleasant, spiteful, rude, compassionate, surly, thoughtful, beneficent, gentle, sympathetic, kindly, negative, kindhearted. A: Menos mal que no lo he visto B: Menos mal que no lo ví","Here's the list of adjectives paired with either writer A or B:

good-hearted, A
patient, A
hostile, B
unkind, B
inconsiderate, B
kind, A
adversary, B
impertinent, B
antagonistic, B
attentive, A
inimical, B
inhospitable, B
unmannerly, B
pleasant, A
generous, A
benevolent, A
humane, A
merciful, A
considerate, A
discourteous, B
humanitarian, A
impolite, B
benignant, A
unfavorable, B
contrary, B
uncivil, B
tender, A
ill-mannered, B
unpleasant, B
spiteful, B
rude, B
compassionate, A
surly, B
thoughtful, A
beneficent, A
gentle, A
sympathetic, A
kindly, A
negative, B
kindhearted, A",02/10/26
60,MS,PS,"Here is a list of adjectives. For each adjective, choose a writer - A o B - and write it next to the adjective without further explanation. Put a comma after each writer. The adjectives are: surly, discourteous, kindhearted, beneficent, spiteful, inhospitable, unpleasant, rude, hostile, patient, unkind, ill-mannered, compassionate, unfavorable, considerate, good-hearted, humanitarian, antagonistic, impolite, humane, generous, inconsiderate, thoughtful, pleasant, gentle, merciful, contrary, attentive, kindly, uncivil, benevolent, benignant, adversary, unmannerly, kind, negative, sympathetic, impertinent, tender, inimical. A: Sí, fuí yo B:  Sí, he sido yo","Here's the list of adjectives paired with either writer A or B:

surly, A
discourteous, A
kindhearted, B
beneficent, B
spiteful, A
inhospitable, A
unpleasant, A
rude, A
hostile, A
patient, B
unkind, A
ill-mannered, A
compassionate, B
unfavorable, A
considerate, B
good-hearted, B
humanitarian, B
antagonistic, A
impolite, A
humane, B
generous, B
inconsiderate, A
thoughtful, B
pleasant, B
gentle, B
merciful, B
contrary, A
attentive, B
kindly, B
uncivil, A
benevolent, B
benignant, B
adversary, A
unmannerly, A
kind, B
negative, A
sympathetic, B
impertinent, A
tender, B
inimical, A",02/10/26
61,PS,MS,"Here is a list of adjectives. For each adjective, choose a writer - A o B - and write it next to the adjective without further explanation. Put a comma after each writer. The adjectives are: impertinent, hostile, spiteful, negative, humanitarian, kindly, benignant, unkind, tender, thoughtful, uncivil, surly, antagonistic, inimical, inhospitable, compassionate, adversary, beneficent, ill-mannered, unfavorable, patient, considerate, good-hearted, inconsiderate, benevolent, kind, discourteous, sympathetic, merciful, humane, kindhearted, pleasant, generous, contrary, attentive, rude, gentle, unmannerly, unpleasant, impolite. A: Me paso muchas horas con el ordenador B: Me paso muchas horas con la computadora","Here's the list of adjectives paired with either writer A or B:

impertinent, A
hostile, A
spiteful, A
negative, A
humanitarian, B
kindly, B
benignant, B
unkind, A
tender, B
thoughtful, B
uncivil, A
surly, A
antagonistic, A
inimical, A
inhospitable, A
compassionate, B
adversary, A
beneficent, B
ill-mannered, A
unfavorable, A
patient, B
considerate, B
good-hearted, B
inconsiderate, A
benevolent, B
kind, B
discourteous, A
sympathetic, B
merciful, B
humane, B
kindhearted, B
pleasant, B
generous, B
contrary, A
attentive, B
rude, A
gentle, B
unmannerly, A
unpleasant, A
impolite, A",02/10/26
62,MS,PS,"Here is a list of adjectives. For each adjective, choose a writer - A o B - and write it next to the adjective without further explanation. Put a comma after each writer. The adjectives are: rude, humanitarian, generous, considerate, unmannerly, unfavorable, tender, beneficent, sympathetic, humane, pleasant, hostile, inconsiderate, gentle, attentive, merciful, antagonistic, negative, kindly, benevolent, discourteous, compassionate, kindhearted, ill-mannered, impertinent, inhospitable, surly, unpleasant, adversary, benignant, unkind, thoughtful, kind, good-hearted, contrary, impolite, spiteful, patient, uncivil, inimical. A: Vienen muchos chamacos jóvenes B: Vienen muchos críos jóvenes","Here's the list of adjectives paired with either writer A or B:

rude, A
humanitarian, B
generous, B
considerate, B
unmannerly, A
unfavorable, A
tender, B
beneficent, B
sympathetic, B
humane, B
pleasant, B
hostile, A
inconsiderate, A
gentle, B
attentive, B
merciful, B
antagonistic, A
negative, A
kindly, B
benevolent, B
discourteous, A
compassionate, B
kindhearted, B
ill-mannered, A
impertinent, A
inhospitable, A
surly, A
unpleasant, A
adversary, A
benignant, B
unkind, A
thoughtful, B
kind, B
good-hearted, B
contrary, A
impolite, A
spiteful, A
patient, B
uncivil, A
inimical, A",02/10/26
63,PS,MS,"Here is a list of adjectives. For each adjective, choose a writer - A o B - and write it next to the adjective without further explanation. Put a comma after each writer. The adjectives are: humanitarian, inhospitable, surly, thoughtful, sympathetic, generous, considerate, unpleasant, good-hearted, kind, humane, patient, antagonistic, kindly, negative, compassionate, spiteful, adversary, unfavorable, contrary, impolite, uncivil, impertinent, rude, kindhearted, tender, benevolent, ill-mannered, inimical, hostile, beneficent, gentle, inconsiderate, benignant, unmannerly, merciful, discourteous, unkind, pleasant, attentive. A: Yo casi nunca usaba chaqueta B: Yo casi nunca usaba chamarra","Here's the list of adjectives paired with either writer A or B, as requested:

humanitarian, A
inhospitable, B
surly, B
thoughtful, A
sympathetic, A
generous, A
considerate, A
unpleasant, B
good-hearted, A
kind, A
humane, A
patient, A
antagonistic, B
kindly, A
negative, B
compassionate, A
spiteful, B
adversary, B
unfavorable, B
contrary, B
impolite, B
uncivil, B
impertinent, B
rude, B
kindhearted, A
tender, A
benevolent, A
ill-mannered, B
inimical, B
hostile, B
beneficent, A
gentle, A
inconsiderate, B
benignant, A
unmannerly, B
merciful, A
discourteous, B
unkind, B
pleasant, A
attentive, A",02/10/26
64,MS,PS,"Here is a list of adjectives. For each adjective, choose a writer - A o B - and write it next to the adjective without further explanation. Put a comma after each writer. The adjectives are: negative, surly, good-hearted, benevolent, kindhearted, antagonistic, beneficent, tender, kind, merciful, kindly, humane, unfavorable, unpleasant, attentive, inimical, impertinent, ill-mannered, sympathetic, uncivil, rude, inconsiderate, benignant, adversary, patient, impolite, unkind, discourteous, pleasant, considerate, hostile, humanitarian, inhospitable, unmannerly, thoughtful, spiteful, gentle, generous, compassionate, contrary. A: Y en un espacio de quince minutos, dejó de llover B: Y en un espacio de quince minutos, ha dejado de llover","Here's the list of adjectives paired with either writer A or B:

negative, A
surly, A
good-hearted, B
benevolent, B
kindhearted, B
antagonistic, A
beneficent, B
tender, B
kind, B
merciful, B
kindly, B
humane, B
unfavorable, A
unpleasant, A
attentive, B
inimical, A
impertinent, A
ill-mannered, A
sympathetic, B
uncivil, A
rude, A
inconsiderate, A
benignant, B
adversary, A
patient, B
impolite, A
unkind, A
discourteous, A
pleasant, B
considerate, B
hostile, A
humanitarian, B
inhospitable, A
unmannerly, A
thoughtful, B
spiteful, A
gentle, B
generous, B
compassionate, B
contrary, A",02/10/26
65,PS,MS,"Here is a list of adjectives. For each adjective, choose a writer - A o B - and write it next to the adjective without further explanation. Put a comma after each writer. The adjectives are: uncivil, kindhearted, impolite, unpleasant, benevolent, thoughtful, merciful, attentive, spiteful, compassionate, inconsiderate, antagonistic, sympathetic, unkind, humane, unfavorable, patient, tender, negative, rude, unmannerly, inimical, contrary, pleasant, kindly, discourteous, good-hearted, generous, adversary, humanitarian, surly, inhospitable, beneficent, benignant, hostile, gentle, kind, impertinent, considerate, ill-mannered. A: Salgo y camino un par de manzanas B: Salgo y camino un par de cuadras","uncivil, B
kindhearted, A
impolite, B
unpleasant, B
benevolent, A
thoughtful, A
merciful, A
attentive, A
spiteful, B
compassionate, A
inconsiderate, B
antagonistic, B
sympathetic, A
unkind, B
humane, A
unfavorable, B
patient, A
tender, A
negative, B
rude, B
unmannerly, B
inimical, B
contrary, B
pleasant, A
kindly, A
discourteous, B
good-hearted, A
generous, A
adversary, B
humanitarian, A
surly, B
inhospitable, B
beneficent, A
benignant, A
hostile, B
gentle, A
kind, A
impertinent, B
considerate, A
ill-mannered, B",02/10/26
66,MS,PS,"Here is a list of adjectives. For each adjective, choose a writer - A o B - and write it next to the adjective without further explanation. Put a comma after each writer. The adjectives are: thoughtful, kindhearted, gentle, kind, ill-mannered, unkind, rude, good-hearted, humane, discourteous, beneficent, antagonistic, negative, benevolent, merciful, impolite, inconsiderate, considerate, unmannerly, humanitarian, hostile, uncivil, attentive, impertinent, surly, inimical, patient, tender, compassionate, spiteful, generous, contrary, unpleasant, pleasant, kindly, benignant, inhospitable, unfavorable, adversary, sympathetic. A: Tengo compas aquí B: Tengo colegas aquí","thoughtful, B
kindhearted, B
gentle, B
kind, B
ill-mannered, A
unkind, A
rude, A
good-hearted, B
humane, B
discourteous, A
beneficent, B
antagonistic, A
negative, A
benevolent, B
merciful, B
impolite, A
inconsiderate, A
considerate, B
unmannerly, A
humanitarian, B
hostile, A
uncivil, A
attentive, B
impertinent, A
surly, A
inimical, A
patient, B
tender, B
compassionate, B
spiteful, A
generous, B
contrary, A
unpleasant, A
pleasant, B
kindly, B
benignant, B
inhospitable, A
unfavorable, A
adversary, A
sympathetic, B",02/10/26
67,PS,MS,"Here is a list of adjectives. For each adjective, choose a writer - A o B - and write it next to the adjective without further explanation. Put a comma after each writer. The adjectives are: ill-mannered, hostile, thoughtful, spiteful, attentive, surly, unkind, patient, pleasant, unfavorable, sympathetic, gentle, kindly, humane, uncivil, rude, compassionate, inconsiderate, inimical, adversary, negative, unmannerly, impertinent, impolite, merciful, kind, benignant, antagonistic, good-hearted, contrary, benevolent, humanitarian, considerate, discourteous, generous, beneficent, unpleasant, kindhearted, inhospitable, tender. A: A veces nos bebemos una birra o algo B: A veces nos tomamos una cheve o algo","Here's the list of adjectives paired with either writer A or B:

ill-mannered, A
hostile, B
thoughtful, A
spiteful, B
attentive, A
surly, B
unkind, B
patient, A
pleasant, A
unfavorable, B
sympathetic, A
gentle, A
kindly, A
humane, A
uncivil, B
rude, B
compassionate, A
inconsiderate, B
inimical, B
adversary, B
negative, B
unmannerly, B
impertinent, B
impolite, B
merciful, A
kind, A
benignant, A
antagonistic, B
good-hearted, A
contrary, B
benevolent, A
humanitarian, A
considerate, A
discourteous, B
generous, A
beneficent, A
unpleasant, B
kindhearted, A
inhospitable, B
tender, A",02/10/26
68,MS,PS,"Here is a list of adjectives. For each adjective, choose a writer - A o B - and write it next to the adjective without further explanation. Put a comma after each writer. The adjectives are: antagonistic, impolite, considerate, pleasant, humanitarian, kindhearted, gentle, beneficent, sympathetic, good-hearted, thoughtful, hostile, benevolent, inhospitable, benignant, rude, negative, impertinent, kind, contrary, compassionate, generous, unfavorable, merciful, attentive, patient, unpleasant, tender, kindly, inimical, ill-mannered, unmannerly, discourteous, uncivil, inconsiderate, adversary, surly, humane, unkind, spiteful. A: Vamos a ver qué onda B: Vamos a ver qué tal","Here's the list of adjectives paired with either writer A or B:

antagonistic, A
impolite, B
considerate, A
pleasant, B
humanitarian, A
kindhearted, A
gentle, B
beneficent, A
sympathetic, A
good-hearted, A
thoughtful, A
hostile, A
benevolent, A
inhospitable, B
benignant, A
rude, B
negative, A
impertinent, B
kind, A
contrary, A
compassionate, A
generous, A
unfavorable, A
merciful, A
attentive, A
patient, A
unpleasant, B
tender, B
kindly, A
inimical, A
ill-mannered, B
unmannerly, B
discourteous, B
uncivil, B
inconsiderate, B
adversary, A
surly, B
humane, A
unkind, A
spiteful, A",02/10/26
69,PS,MS,"Here is a list of adjectives. For each adjective, choose a writer - A o B - and write it next to the adjective without further explanation. Put a comma after each writer. The adjectives are: pleasant, inconsiderate, rude, generous, spiteful, gentle, kind, beneficent, adversary, considerate, inimical, unmannerly, hostile, negative, sympathetic, unfavorable, thoughtful, attentive, kindly, uncivil, patient, humanitarian, unkind, antagonistic, humane, good-hearted, kindhearted, merciful, impertinent, inhospitable, unpleasant, discourteous, impolite, contrary, surly, ill-mannered, benevolent, benignant, tender, compassionate. A: Esa ha estado guay B: Esa estuvo chida","pleasant, B
inconsiderate, A
rude, A
generous, B
spiteful, A
gentle, B
kind, B
beneficent, B
adversary, A
considerate, B
inimical, A
unmannerly, A
hostile, A
negative, A
sympathetic, B
unfavorable, A
thoughtful, B
attentive, B
kindly, B
uncivil, A
patient, B
humanitarian, B
unkind, A
antagonistic, A
humane, B
good-hearted, B
kindhearted, B
merciful, B
impertinent, A
inhospitable, A
unpleasant, A
discourteous, A
impolite, A
contrary, A
surly, A
ill-mannered, A
benevolent, B
benignant, B
tender, B
compassionate, B",02/10/26
70,MS,PS,"Here is a list of adjectives. For each adjective, choose a writer - A o B - and write it next to the adjective without further explanation. Put a comma after each writer. The adjectives are: rude, uncivil, unfavorable, beneficent, antagonistic, contrary, inimical, tender, inconsiderate, benignant, impolite, humanitarian, negative, unmannerly, surly, generous, compassionate, good-hearted, impertinent, kind, adversary, merciful, attentive, sympathetic, thoughtful, ill-mannered, humane, discourteous, pleasant, gentle, considerate, spiteful, inhospitable, kindly, unpleasant, benevolent, unkind, hostile, kindhearted, patient. A: ¿Dónde queda un puesto de periódicos por aquí? - A dos cuadras B: ¿Dónde queda un quiosco de periódicos por aquí? - A dos manzanas","Here's the list of adjectives paired with either writer A or B, based on the provided dialogue:

rude, A
uncivil, A
unfavorable, B
beneficent, B
antagonistic, A
contrary, A
inimical, A
tender, B
inconsiderate, A
benignant, B
impolite, A
humanitarian, B
negative, B
unmannerly, A
surly, A
generous, B
compassionate, B
good-hearted, B
impertinent, A
kind, B
adversary, A
merciful, B
attentive, B
sympathetic, B
thoughtful, B
ill-mannered, A
humane, B
discourteous, A
pleasant, B
gentle, B
considerate, B
spiteful, A
inhospitable, A
kindly, B
unpleasant, A
benevolent, B
unkind, A
hostile, A
kindhearted, B
patient, B",02/10/26
71,PS,MS,"Here is a list of adjectives. For each adjective, choose a writer - A o B - and write it next to the adjective without further explanation. Put a comma after each writer. The adjectives are: benignant, considerate, inhospitable, gentle, discourteous, kindly, merciful, tender, generous, negative, compassionate, inimical, impertinent, kind, adversary, pleasant, attentive, benevolent, contrary, thoughtful, sympathetic, unmannerly, unfavorable, inconsiderate, surly, humane, beneficent, antagonistic, uncivil, unkind, ill-mannered, kindhearted, unpleasant, spiteful, hostile, humanitarian, rude, impolite, patient, good-hearted. A: ¿De  aquí? He tardado diez minutos B: ¿De  aquí? Tardé diez minutos","Here's the list of adjectives paired with either writer A or B, based on the provided text:

benignant, A
considerate, B
inhospitable, A
gentle, B
discourteous, A
kindly, B
merciful, A
tender, B
generous, A
negative, B
compassionate, A
inimical, B
impertinent, A
kind, B
adversary, A
pleasant, B
attentive, A
benevolent, B
contrary, A
thoughtful, B
sympathetic, A
unmannerly, B
unfavorable, A
inconsiderate, B
surly, A
humane, B
beneficent, A
antagonistic, B
uncivil, A
unkind, B
ill-mannered, A
kindhearted, B
unpleasant, A
spiteful, B
hostile, A
humanitarian, B
rude, A
impolite, B
patient, A
good-hearted, B",02/10/26
72,MS,PS,"Here is a list of adjectives. For each adjective, choose a writer - A o B - and write it next to the adjective without further explanation. Put a comma after each writer. The adjectives are: ill-mannered, patient, unfavorable, unpleasant, good-hearted, inhospitable, attentive, kindhearted, merciful, compassionate, antagonistic, humane, pleasant, unmannerly, impolite, inimical, adversary, impertinent, considerate, negative, hostile, thoughtful, spiteful, gentle, humanitarian, rude, kindly, kind, contrary, unkind, beneficent, benevolent, discourteous, uncivil, benignant, sympathetic, generous, surly, tender, inconsiderate. A: Cuando tengo que venir, pues vengo caminando B: Cuando tengo que venir, pues vengo andando","Here's the list of adjectives paired with either writer A or B, as requested:

ill-mannered, B
patient, A
unfavorable, B
unpleasant, B
good-hearted, A
inhospitable, B
attentive, A
kindhearted, A
merciful, A
compassionate, A
antagonistic, B
humane, A
pleasant, B
unmannerly, B
impolite, B
inimical, B
adversary, B
impertinent, B
considerate, A
negative, B
hostile, B
thoughtful, A
spiteful, B
gentle, A
humanitarian, A
rude, B
kindly, A
kind, A
contrary, B
unkind, B
beneficent, A
benevolent, A
discourteous, B
uncivil, B
benignant, A
sympathetic, A
generous, A
surly, B
tender, A
inconsiderate, B",02/10/26
73,PS,MS,"Here is a list of adjectives. For each adjective, choose a writer - A o B - and write it next to the adjective without further explanation. Put a comma after each writer. The adjectives are: benignant, benevolent, attentive, humane, beneficent, discourteous, adversary, ill-mannered, generous, unmannerly, kindly, rude, sympathetic, inimical, contrary, humanitarian, unpleasant, unkind, merciful, thoughtful, good-hearted, gentle, unfavorable, hostile, uncivil, surly, spiteful, patient, kindhearted, antagonistic, kind, considerate, impertinent, pleasant, compassionate, inhospitable, negative, inconsiderate, tender, impolite. A: Llevo un mes y pico sin venir B: Llevo un mes y cacho sin venir","Here's the list of adjectives paired with either writer A or B, as requested:

benignant, A
benevolent, A
attentive, A
humane, A
beneficent, A
discourteous, B
adversary, B
ill-mannered, B
generous, A
unmannerly, B
kindly, A
rude, B
sympathetic, A
inimical, B
contrary, B
humanitarian, A
unpleasant, B
unkind, B
merciful, A
thoughtful, A
good-hearted, A
gentle, A
unfavorable, B
hostile, B
uncivil, B
surly, B
spiteful, B
patient, A
kindhearted, A
antagonistic, B
kind, A
considerate, A
impertinent, B
pleasant, A
compassionate, A
inhospitable, B
negative, B
inconsiderate, B
tender, A
impolite, B",02/10/26
74,MS,PS,"Here is a list of adjectives. For each adjective, choose a writer - A o B - and write it next to the adjective without further explanation. Put a comma after each writer. The adjectives are: unkind, thoughtful, surly, kind, benevolent, unmannerly, impertinent, merciful, pleasant, hostile, inconsiderate, considerate, impolite, kindly, discourteous, kindhearted, compassionate, tender, ill-mannered, patient, contrary, inimical, attentive, benignant, unpleasant, humane, spiteful, rude, beneficent, antagonistic, humanitarian, gentle, uncivil, inhospitable, unfavorable, sympathetic, negative, good-hearted, generous, adversary. A: ¿Qué han estado haciendo ustedes? B: ¿Qué habéis estado haciendo vosotros?","Here's the list of adjectives paired with either writer A or B:

unkind, A
thoughtful, B
surly, A
kind, B
benevolent, B
unmannerly, A
impertinent, A
merciful, B
pleasant, B
hostile, A
inconsiderate, A
considerate, B
impolite, A
kindly, B
discourteous, A
kindhearted, B
compassionate, B
tender, B
ill-mannered, A
patient, B
contrary, A
inimical, A
attentive, B
benignant, B
unpleasant, A
humane, B
spiteful, A
rude, A
beneficent, B
antagonistic, A
humanitarian, B
gentle, B
uncivil, A
inhospitable, A
unfavorable, A
sympathetic, B
negative, A
good-hearted, B
generous, B
adversary, A",02/10/26
75,PS,MS,"Here is a list of adjectives. For each adjective, choose a writer - A o B - and write it next to the adjective without further explanation. Put a comma after each writer. The adjectives are: benignant, unpleasant, pleasant, inconsiderate, beneficent, discourteous, adversary, impolite, surly, inimical, unfavorable, kindly, uncivil, compassionate, contrary, good-hearted, spiteful, patient, unkind, benevolent, negative, merciful, kind, generous, considerate, gentle, thoughtful, inhospitable, tender, sympathetic, unmannerly, antagonistic, kindhearted, attentive, humane, hostile, rude, impertinent, humanitarian, ill-mannered. A: ¿Y las relaciones entre la gente también han cambiado? B: ¿Y las relaciones entre la gente también cambiaron?","Here's the list of adjectives paired with either writer A or B:

benignant, A
unpleasant, B
pleasant, A
inconsiderate, B
beneficent, A
discourteous, B
adversary, B
impolite, B
surly, B
inimical, B
unfavorable, B
kindly, A
uncivil, B
compassionate, A
contrary, B
good-hearted, A
spiteful, B
patient, A
unkind, B
benevolent, A
negative, B
merciful, A
kind, A
generous, A
considerate, A
gentle, A
thoughtful, A
inhospitable, B
tender, A
sympathetic, A
unmannerly, B
antagonistic, B
kindhearted, A
attentive, A
humane, A
hostile, B
rude, B
impertinent, B
humanitarian, A
ill-mannered, B



**Regarding the Spanish questions:**

A: ¿Y las relaciones entre la gente también han cambiado? (And have relationships between people also changed?) - This uses the present perfect tense (""han cambiado"") which implies a change that started in the past and continues to have relevance now.

B: ¿Y las relaciones entre la gente también cambiaron? (And did relationships between people also change?) - This uses the preterite tense (""cambiaron"") which implies a completed change in the past.

The best choice depends on the context of the conversation.",02/10/26
76,MS,PS,"Here is a list of adjectives. For each adjective, choose a writer - A o B - and write it next to the adjective without further explanation. Put a comma after each writer. The adjectives are: sympathetic, patient, uncivil, pleasant, attentive, tender, kind, compassionate, impertinent, surly, spiteful, unpleasant, kindly, kindhearted, gentle, considerate, generous, rude, inhospitable, impolite, antagonistic, beneficent, contrary, adversary, inconsiderate, thoughtful, negative, inimical, unmannerly, merciful, discourteous, unfavorable, good-hearted, hostile, humanitarian, benevolent, benignant, ill-mannered, humane, unkind. A: ¿Cuántos son? - ¡Orale! Somos seis B: ¿Cuántos sois? - ¡Ostras! Somos seis","Here's the list of adjectives paired with either writer A or B, as requested:

sympathetic, A
patient, B
uncivil, A
pleasant, B
attentive, A
tender, B
kind, A
compassionate, B
impertinent, A
surly, B
spiteful, A
unpleasant, B
kindly, A
kindhearted, B
gentle, A
considerate, B
generous, A
rude, B
inhospitable, A
impolite, B
antagonistic, A
beneficent, B
contrary, A
adversary, B
inconsiderate, A
thoughtful, B
negative, A
inimical, B
unmannerly, A
merciful, B
discourteous, A
unfavorable, B
good-hearted, A
hostile, B
humanitarian, A
benevolent, B
benignant, A
ill-mannered, B
humane, A
unkind, B",02/10/26
77,PS,MS,"Here is a list of adjectives. For each adjective, choose a writer - A o B - and write it next to the adjective without further explanation. Put a comma after each writer. The adjectives are: inhospitable, unfavorable, spiteful, ill-mannered, uncivil, impolite, unmannerly, attentive, impertinent, thoughtful, patient, contrary, humanitarian, negative, kindhearted, hostile, merciful, surly, unkind, inimical, kind, benignant, generous, compassionate, tender, adversary, beneficent, rude, inconsiderate, good-hearted, gentle, unpleasant, benevolent, sympathetic, pleasant, considerate, humane, discourteous, antagonistic, kindly. A: Hay muchos gamberretes por ahí B: Hay muchos pingos por ahí","Here's the list of adjectives paired with either writer A or B:

Inhospitable, B
Unfavorable, B
Spiteful, A
Ill-mannered, A
Uncivil, A
Impolite, A
Unmannerly, A
Attentive, B
Impertinent, A
Thoughtful, B
Patient, B
Contrary, A
Humanitarian, B
Negative, B
Kindhearted, B
Hostile, B
Merciful, B
Surly, A
Unkind, A
Inimical, B
Kind, B
Benignant, B
Generous, B
Compassionate, B
Tender, B
Adversary, A
Beneficent, B
Rude, A
Inconsiderate, A
Good-hearted, B
Gentle, B
Unpleasant, B
Benevolent, B
Sympathetic, B
Pleasant, B
Considerate, B
Humane, B
Discourteous, A
Antagonistic, A
Kindly, B",02/10/26
78,MS,PS,"Here is a list of adjectives. For each adjective, choose a writer - A o B - and write it next to the adjective without further explanation. Put a comma after each writer. The adjectives are: compassionate, gentle, spiteful, benignant, inimical, inhospitable, patient, contrary, kind, thoughtful, benevolent, impertinent, surly, ill-mannered, kindly, pleasant, humanitarian, rude, considerate, beneficent, unmannerly, good-hearted, kindhearted, adversary, unfavorable, unkind, tender, sympathetic, merciful, impolite, uncivil, negative, attentive, inconsiderate, antagonistic, unpleasant, hostile, humane, generous, discourteous. A: En mi calle, no se puede pasar por la banqueta por todos los carros B: En mi calle, no se puede pasar por la acera por todos los coches","Here's the list of adjectives paired with either writer A or B, based on the provided text snippets:

compassionate, A
gentle, B
spiteful, A
benignant, B
inimical, A
inhospitable, A
patient, B
contrary, A
kind, B
thoughtful, A
benevolent, B
impertinent, A
surly, A
ill-mannered, A
kindly, B
pleasant, B
humanitarian, A
rude, A
considerate, B
beneficent, B
unmannerly, A
good-hearted, B
kindhearted, A
adversary, A
unfavorable, A
unkind, A
tender, B
sympathetic, A
merciful, B
impolite, A
uncivil, A
negative, A
attentive, B
inconsiderate, A
antagonistic, A
unpleasant, A
hostile, A
humane, B
generous, A
discourteous, A",02/10/26
79,PS,MS,"Here is a list of adjectives. For each adjective, choose a writer - A o B - and write it next to the adjective without further explanation. Put a comma after each writer. The adjectives are: negative, tender, beneficent, attentive, ill-mannered, uncivil, unpleasant, gentle, good-hearted, inimical, pleasant, kindly, considerate, contrary, hostile, thoughtful, benevolent, antagonistic, benignant, impertinent, humanitarian, unmannerly, compassionate, kindhearted, discourteous, merciful, humane, adversary, kind, generous, spiteful, sympathetic, impolite, patient, unfavorable, unkind, rude, inhospitable, surly, inconsiderate. A: ¿Qué se podría hacer para eso? - Garajes subterráneos B: ¿Qué se podría hacer para eso? - Cocheras subterráneas","Here's the list of adjectives paired with either writer A or B, as requested:

negative, A
tender, B
beneficent, B
attentive, A
ill-mannered, A
uncivil, A
unpleasant, A
gentle, B
good-hearted, B
inimical, A
pleasant, B
kindly, B
considerate, A
contrary, A
hostile, A
thoughtful, A
benevolent, B
antagonistic, A
benignant, B
impertinent, A
humanitarian, B
unmannerly, A
compassionate, B
kindhearted, B
discourteous, A
merciful, B
humane, B
adversary, A
kind, B
generous, B
spiteful, A
sympathetic, B
impolite, A
patient, A
unfavorable, A
unkind, A
rude, A
inhospitable, A
surly, A
inconsiderate, A",02/10/26
80,MS,PS,"Here is a list of adjectives. For each adjective, choose a writer - A o B - and write it next to the adjective without further explanation. Put a comma after each writer. The adjectives are: negative, gentle, sympathetic, inhospitable, compassionate, unfavorable, hostile, unmannerly, humane, tender, adversary, humanitarian, kindly, antagonistic, spiteful, discourteous, merciful, rude, pleasant, unpleasant, surly, considerate, thoughtful, uncivil, inconsiderate, attentive, benignant, unkind, ill-mannered, contrary, good-hearted, kind, benevolent, inimical, generous, impolite, impertinent, beneficent, patient, kindhearted. A: Todas las banquetas están atascadas, llenas de carros B: Todas las aceras están atascadas, llenas de coches","Here's the list of adjectives paired with either writer A or B, as requested:

negative, A
gentle, B
sympathetic, B
inhospitable, A
compassionate, B
unfavorable, A
hostile, A
unmannerly, A
humane, B
tender, B
adversary, A
humanitarian, B
kindly, B
antagonistic, A
spiteful, A
discourteous, A
merciful, B
rude, A
pleasant, B
unpleasant, A
surly, A
considerate, B
thoughtful, B
uncivil, A
inconsiderate, A
attentive, B
benignant, B
unkind, A
ill-mannered, A
contrary, A
good-hearted, B
kind, B
benevolent, B
inimical, A
generous, B
impolite, A
impertinent, A
beneficent, B
patient, B
kindhearted, B",02/10/26
81,PS,MS,"Here is a list of adjectives. For each adjective, choose a writer - A o B - and write it next to the adjective without further explanation. Put a comma after each writer. The adjectives are: negative, beneficent, merciful, generous, good-hearted, humane, inhospitable, tender, patient, unfavorable, compassionate, spiteful, benevolent, rude, considerate, unmannerly, contrary, unkind, thoughtful, attentive, gentle, impertinent, unpleasant, adversary, benignant, humanitarian, uncivil, kind, sympathetic, antagonistic, kindly, discourteous, surly, kindhearted, inconsiderate, inimical, pleasant, ill-mannered, hostile, impolite. A: ¿Qué se hace en una fiesta? - Beber y charlar B: ¿Qué se hace en una fiesta? - Tomar y platicar","Here's the list of adjectives paired with either writer A or B, as requested:

negative, A, beneficent, B, merciful, B, generous, B, good-hearted, B, humane, B, inhospitable, A, tender, B, patient, B, unfavorable, A, compassionate, B, spiteful, A, benevolent, B, rude, A, considerate, B, unmannerly, A, contrary, A, unkind, A, thoughtful, B, attentive, B, gentle, B, impertinent, A, unpleasant, A, adversary, A, benignant, B, humanitarian, B, uncivil, A, kind, B, sympathetic, B, antagonistic, A, kindly, B, discourteous, A, surly, A, kindhearted, B, inconsiderate, A, inimical, A, pleasant, B, ill-mannered, A, hostile, A, impolite, A",02/10/26
82,MS,PS,"Here is a list of adjectives. For each adjective, choose a writer - A o B - and write it next to the adjective without further explanation. Put a comma after each writer. The adjectives are: patient, generous, sympathetic, beneficent, ill-mannered, rude, contrary, unpleasant, antagonistic, merciful, impolite, unmannerly, hostile, unkind, adversary, pleasant, attentive, kindly, unfavorable, considerate, kindhearted, impertinent, kind, inhospitable, tender, inconsiderate, thoughtful, surly, humane, benevolent, benignant, humanitarian, uncivil, compassionate, gentle, spiteful, good-hearted, negative, inimical, discourteous. A: Con eso no tienes ni para semillitas de girasol en un bar B: Con eso no tienes ni para pipas en un bar","patient, B
generous, A
sympathetic, A
beneficent, A
ill-mannered, B
rude, B
contrary, B
unpleasant, B
antagonistic, B
merciful, A
impolite, B
unmannerly, B
hostile, B
unkind, B
adversary, B
pleasant, A
attentive, A
kindly, A
unfavorable, B
considerate, A
kindhearted, A
impertinent, B
kind, A
inhospitable, B
tender, A
inconsiderate, B
thoughtful, A
surly, B
humane, A
benevolent, A
benignant, A
humanitarian, A
uncivil, B
compassionate, A
gentle, A
spiteful, B
good-hearted, A
negative, B
inimical, B
discourteous, B",02/10/26
83,PS,MS,"Here is a list of adjectives. For each adjective, choose a writer - A o B - and write it next to the adjective without further explanation. Put a comma after each writer. The adjectives are: antagonistic, pleasant, unkind, unpleasant, inconsiderate, good-hearted, impertinent, benevolent, humane, benignant, tender, thoughtful, compassionate, considerate, unmannerly, gentle, spiteful, generous, kind, impolite, merciful, uncivil, negative, kindhearted, rude, humanitarian, ill-mannered, surly, discourteous, contrary, beneficent, patient, attentive, kindly, inhospitable, sympathetic, hostile, adversary, inimical, unfavorable. A: Juntos, con otros dos chavales B: Juntos, con otros dos chavos","Here's the list of adjectives paired with either writer A or B:

antagonistic, A
pleasant, B
unkind, A
unpleasant, B
inconsiderate, A
good-hearted, B
impertinent, A
benevolent, B
humane, A
benignant, B
tender, A
thoughtful, B
compassionate, A
considerate, B
unmannerly, A
gentle, B
spiteful, A
generous, B
kind, A
impolite, B
merciful, A
uncivil, B
negative, A
kindhearted, B
rude, A
humanitarian, B
ill-mannered, A
surly, B
discourteous, A
contrary, B
beneficent, A
patient, B
attentive, A
kindly, B
inhospitable, A
sympathetic, B
hostile, A
adversary, B
inimical, A
unfavorable, B",02/10/26
84,MS,PS,"Here is a list of adjectives. For each adjective, choose a writer - A o B - and write it next to the adjective without further explanation. Put a comma after each writer. The adjectives are: inimical, thoughtful, discourteous, negative, patient, beneficent, impertinent, humanitarian, kindhearted, kind, sympathetic, unfavorable, unmannerly, unpleasant, benignant, good-hearted, ill-mannered, compassionate, attentive, inhospitable, humane, tender, hostile, unkind, spiteful, surly, inconsiderate, adversary, impolite, rude, considerate, merciful, pleasant, kindly, benevolent, generous, antagonistic, uncivil, contrary, gentle. A: Ya lo entendí, y vendí mi moto B: Ya lo he comprendido, y he vendido mi moto","Here's the list of adjectives paired with either writer A or B:

Inimical, A
Thoughtful, B
Discourteous, A
Negative, A
Patient, B
Beneficent, B
Impertinent, A
Humanitarian, B
Kindhearted, B
Kind, B
Sympathetic, B
Unfavorable, A
Unmannerly, A
Unpleasant, A
Benignant, B
Good-hearted, B
Ill-mannered, A
Compassionate, B
Attentive, B
Inhospitable, A
Humane, B
Tender, B
Hostile, A
Unkind, A
Spiteful, A
Surly, A
Inconsiderate, A
Adversary, A
Impolite, A
Rude, A
Considerate, B
Merciful, B
Pleasant, B
Kindly, B
Benevolent, B
Generous, B
Antagonistic, A
Uncivil, A
Contrary, A
Gentle, B",02/10/26
85,PS,MS,"Here is a list of adjectives. For each adjective, choose a writer - A o B - and write it next to the adjective without further explanation. Put a comma after each writer. The adjectives are: inimical, sympathetic, unpleasant, humanitarian, inconsiderate, patient, tender, hostile, attentive, kindhearted, merciful, unmannerly, contrary, uncivil, compassionate, generous, humane, good-hearted, kind, beneficent, impolite, surly, unfavorable, negative, gentle, benevolent, benignant, rude, ill-mannered, discourteous, spiteful, considerate, antagonistic, impertinent, inhospitable, kindly, pleasant, thoughtful, unkind, adversary. A: Mi novia y yo nos vamos a apuntar a la autoescuela para sacarnos el carnet B: Mi novia y yo nos vamos a apuntar a la escuela de manejo para sacarnos la licencia","Here's the list of adjectives paired with either writer A or B:

inimical, B
sympathetic, A
unpleasant, B
humanitarian, A
inconsiderate, B
patient, A
tender, A
hostile, B
attentive, A
kindhearted, A
merciful, A
unmannerly, B
contrary, B
uncivil, B
compassionate, A
generous, A
humane, A
good-hearted, A
kind, A
beneficent, A
impolite, B
surly, B
unfavorable, B
negative, B
gentle, A
benevolent, A
benignant, A
rude, B
ill-mannered, B
discourteous, B
spiteful, B
considerate, A
antagonistic, B
impertinent, B
inhospitable, B
kindly, A
pleasant, A
thoughtful, A
unkind, B
adversary, B",02/10/26
86,MS,PS,"Here is a list of adjectives. For each adjective, choose a writer - A o B - and write it next to the adjective without further explanation. Put a comma after each writer. The adjectives are: patient, uncivil, benevolent, adversary, humane, compassionate, beneficent, inconsiderate, sympathetic, surly, hostile, thoughtful, considerate, kind, kindhearted, contrary, attentive, inhospitable, rude, good-hearted, tender, generous, impertinent, unmannerly, unkind, negative, merciful, unfavorable, benignant, kindly, spiteful, antagonistic, pleasant, ill-mannered, discourteous, impolite, inimical, unpleasant, humanitarian, gentle. A: Llevaba a otro chavo detrás B: Llevaba a otro chaval detrás","Here's the list of adjectives paired with either writer A or B:

patient, A
uncivil, B
benevolent, A
adversary, B
humane, A
compassionate, A
beneficent, A
inconsiderate, B
sympathetic, A
surly, B
hostile, B
thoughtful, A
considerate, A
kind, A
kindhearted, A
contrary, B
attentive, A
inhospitable, B
rude, B
good-hearted, A
tender, A
generous, A
impertinent, B
unmannerly, B
unkind, B
negative, B
merciful, A
unfavorable, B
benignant, A
kindly, A
spiteful, B
antagonistic, B
pleasant, A
ill-mannered, B
discourteous, B
impolite, B
inimical, B
unpleasant, B
humanitarian, A
gentle, A",02/10/26
87,PS,MS,"Here is a list of adjectives. For each adjective, choose a writer - A o B - and write it next to the adjective without further explanation. Put a comma after each writer. The adjectives are: benevolent, attentive, ill-mannered, compassionate, kindly, inhospitable, negative, good-hearted, unkind, sympathetic, rude, spiteful, impolite, pleasant, benignant, uncivil, humane, impertinent, inimical, considerate, unmannerly, gentle, kind, beneficent, unpleasant, antagonistic, merciful, tender, adversary, unfavorable, discourteous, kindhearted, inconsiderate, humanitarian, surly, generous, hostile, thoughtful, patient, contrary. A: Toquemos madera ¿No? Que no le ha pasado nada a nadie B: Toquemos madera ¿No? Que no le pasó nada a nadie","Here's the list of adjectives paired with either writer A or B:

benevolent, A
attentive, A
ill-mannered, B
compassionate, A
kindly, A
inhospitable, B
negative, B
good-hearted, A
unkind, B
sympathetic, A
rude, B
spiteful, B
impolite, B
pleasant, A
benignant, A
uncivil, B
humane, A
impertinent, B
inimical, B
considerate, A
unmannerly, B
gentle, A
kind, A
beneficent, A
unpleasant, B
antagonistic, B
merciful, A
tender, A
adversary, B
unfavorable, B
discourteous, B
kindhearted, A
inconsiderate, B
humanitarian, A
surly, B
generous, A
hostile, B
thoughtful, A
patient, A
contrary, B",02/10/26
88,MS,PS,"Here is a list of adjectives. For each adjective, choose a writer - A o B - and write it next to the adjective without further explanation. Put a comma after each writer. The adjectives are: unmannerly, beneficent, kindhearted, sympathetic, negative, compassionate, contrary, unfavorable, considerate, spiteful, inimical, patient, benevolent, thoughtful, benignant, tender, antagonistic, gentle, unkind, hostile, adversary, surly, impertinent, kind, inconsiderate, pleasant, merciful, attentive, ill-mannered, inhospitable, good-hearted, humanitarian, rude, impolite, discourteous, humane, generous, kindly, unpleasant, uncivil. A: Les vino bien a los dos B: Os ha venido bien a los dos","Here's the list of adjectives paired with either writer A or B:

unmannerly, A
beneficent, B
kindhearted, B
sympathetic, B
negative, A
compassionate, B
contrary, A
unfavorable, A
considerate, B
spiteful, A
inimical, A
patient, B
benevolent, B
thoughtful, B
benignant, B
tender, B
antagonistic, A
gentle, B
unkind, A
hostile, A
adversary, A
surly, A
impertinent, A
kind, B
inconsiderate, A
pleasant, B
merciful, B
attentive, B
ill-mannered, A
inhospitable, A
good-hearted, B
humanitarian, B
rude, A
impolite, A
discourteous, A
humane, B
generous, B
kindly, B
unpleasant, A
uncivil, A",02/10/26
89,PS,MS,"Here is a list of adjectives. For each adjective, choose a writer - A o B - and write it next to the adjective without further explanation. Put a comma after each writer. The adjectives are: antagonistic, impertinent, gentle, negative, humane, patient, contrary, good-hearted, inconsiderate, pleasant, unfavorable, attentive, humanitarian, impolite, sympathetic, generous, benevolent, thoughtful, unkind, rude, inimical, merciful, spiteful, tender, unmannerly, inhospitable, ill-mannered, unpleasant, kindhearted, benignant, discourteous, compassionate, surly, adversary, beneficent, kind, considerate, uncivil, kindly, hostile. A: ¿Tenéis idea de compraros algún piso para vosotros? ¿Habéis mirado o algo así? B: ¿Tienen idea de comprarse algún apartamento para ustedes? ¿Han mirado o algo así?","Here's the list of adjectives paired with either writer A or B, based on the provided text:

antagonistic, B
impertinent, A
gentle, B
negative, A
humane, B
patient, A
contrary, B
good-hearted, B
inconsiderate, A
pleasant, B
unfavorable, A
attentive, B
humanitarian, A
impolite, B
sympathetic, A
generous, B
benevolent, A
thoughtful, B
unkind, A
rude, B
inimical, A
merciful, B
spiteful, A
tender, B
unmannerly, A
inhospitable, B
ill-mannered, A
unpleasant, B
kindhearted, A
benignant, B
discourteous, A
compassionate, B
surly, A
adversary, B
beneficent, A
kind, B
considerate, A
uncivil, B
kindly, A
hostile, B",02/10/26
90,MS,PS,"Here is a list of adjectives. For each adjective, choose a writer - A o B - and write it next to the adjective without further explanation. Put a comma after each writer. The adjectives are: uncivil, generous, good-hearted, gentle, unmannerly, tender, ill-mannered, unkind, benevolent, kindhearted, sympathetic, inhospitable, inconsiderate, unpleasant, antagonistic, attentive, rude, merciful, contrary, considerate, unfavorable, inimical, impertinent, kind, surly, beneficent, compassionate, discourteous, negative, hostile, spiteful, impolite, pleasant, patient, benignant, thoughtful, humane, adversary, humanitarian, kindly. A: ¿Cuántos hermanos son ustedes? B: ¿Cuántos hermanos sois vosotros?","uncivil, A
generous, B
good-hearted, B
gentle, B
unmannerly, A
tender, B
ill-mannered, A
unkind, A
benevolent, B
kindhearted, B
sympathetic, B
inhospitable, A
inconsiderate, A
unpleasant, A
antagonistic, A
attentive, B
rude, A
merciful, B
contrary, A
considerate, B
unfavorable, A
inimical, A
impertinent, A
kind, B
surly, A
beneficent, B
compassionate, B
discourteous, A
negative, A
hostile, A
spiteful, A
impolite, A
pleasant, B
patient, B
benignant, B
thoughtful, B
humane, B
adversary, A
humanitarian, B
kindly, B",02/10/26
91,PS,MS,"Here is a list of adjectives. For each adjective, choose a writer - A o B - and write it next to the adjective without further explanation. Put a comma after each writer. The adjectives are: tender, discourteous, attentive, beneficent, antagonistic, compassionate, surly, unmannerly, unkind, inhospitable, kind, rude, unpleasant, inimical, kindly, uncivil, hostile, impertinent, ill-mannered, good-hearted, pleasant, benignant, patient, kindhearted, generous, sympathetic, considerate, thoughtful, benevolent, adversary, inconsiderate, impolite, negative, humane, unfavorable, contrary, spiteful, humanitarian, gentle, merciful. A: ¿Vosotros sois los pequeños de la familia? B: ¿Ustedes son los pequeños de la familia?","tender, B
discourteous, A
attentive, B
beneficent, B
antagonistic, A
compassionate, B
surly, A
unmannerly, A
unkind, A
inhospitable, A
kind, B
rude, A
unpleasant, A
inimical, A
kindly, B
uncivil, A
hostile, A
impertinent, A
ill-mannered, A
good-hearted, B
pleasant, B
benignant, B
patient, B
kindhearted, B
generous, B
sympathetic, B
considerate, B
thoughtful, B
benevolent, B
adversary, A
inconsiderate, A
impolite, A
negative, A
humane, B
unfavorable, A
contrary, A
spiteful, A
humanitarian, B
gentle, B
merciful, B",02/10/26
92,MS,PS,"Here is a list of adjectives. For each adjective, choose a writer - A o B - and write it next to the adjective without further explanation. Put a comma after each writer. The adjectives are: beneficent, compassionate, antagonistic, benignant, sympathetic, hostile, impertinent, inimical, pleasant, tender, gentle, good-hearted, generous, ill-mannered, attentive, spiteful, unkind, inconsiderate, rude, kind, merciful, kindhearted, thoughtful, unmannerly, unpleasant, considerate, adversary, surly, impolite, contrary, kindly, unfavorable, humane, inhospitable, negative, uncivil, patient, humanitarian, discourteous, benevolent. A: ¿Y ustedes qué hacen allí? ¿Cómo se organizan durante las vacaciones para las comidas y todo eso? B: ¿Y vosotros qué hacéis allí? ¿Cómo os organizáis durante las vacaciones para las comidas y todo eso?","Here's the list of adjectives paired with either writer A or B, based on the provided text:

beneficent, A
compassionate, B
antagonistic, A
benignant, B
sympathetic, B
hostile, A
impertinent, A
inimical, A
pleasant, B
tender, B
gentle, B
good-hearted, B
generous, A
ill-mannered, A
attentive, B
spiteful, A
unkind, A
inconsiderate, A
rude, A
kind, B
merciful, B
kindhearted, B
thoughtful, B
unmannerly, A
unpleasant, A
considerate, B
adversary, A
surly, A
impolite, A
contrary, A
kindly, B
unfavorable, A
humane, B
inhospitable, A
negative, A
uncivil, A
patient, B
humanitarian, B
discourteous, A
benevolent, B",02/10/26
93,PS,MS,"Here is a list of adjectives. For each adjective, choose a writer - A o B - and write it next to the adjective without further explanation. Put a comma after each writer. The adjectives are: attentive, humanitarian, merciful, kindly, rude, humane, uncivil, good-hearted, unmannerly, antagonistic, impolite, tender, benignant, impertinent, sympathetic, discourteous, beneficent, kindhearted, spiteful, benevolent, generous, surly, unfavorable, considerate, contrary, adversary, compassionate, inconsiderate, negative, thoughtful, gentle, ill-mannered, unpleasant, inimical, kind, hostile, unkind, patient, pleasant, inhospitable. A: ¿Vosotros celebráis la noche vieja en tu casa? ¿Qué soléis hacer ahí? B: ¿Ustedes celebran la noche vieja en tu casa? ¿Qué suelen hacer ahí?","attentive, B
humanitarian, B
merciful, A
kindly, A
rude, B
humane, B
uncivil, B
good-hearted, A
unmannerly, B
antagonistic, B
impolite, B
tender, A
benignant, B
impertinent, B
sympathetic, A
discourteous, B
beneficent, B
kindhearted, A
spiteful, B
benevolent, B
generous, B
surly, B
unfavorable, B
considerate, A
contrary, B
adversary, B
compassionate, A
inconsiderate, B
negative, B
thoughtful, A
gentle, A
ill-mannered, B
unpleasant, B
inimical, B
kind, A
hostile, B
unkind, B
patient, A
pleasant, B
inhospitable, B",02/10/26
94,MS,PS,"Here is a list of adjectives. For each adjective, choose a writer - A o B - and write it next to the adjective without further explanation. Put a comma after each writer. The adjectives are: spiteful, unfavorable, thoughtful, benevolent, ill-mannered, uncivil, antagonistic, humane, unmannerly, discourteous, humanitarian, generous, surly, unkind, pleasant, attentive, compassionate, kindhearted, sympathetic, negative, good-hearted, inconsiderate, unpleasant, benignant, merciful, impolite, gentle, inimical, tender, impertinent, inhospitable, contrary, kindly, considerate, adversary, hostile, rude, beneficent, patient, kind. A: Cada año veo a la gente más a su onda B: Cada año veo a la gente más a su bola","Here's the list of adjectives paired with either writer A or B, as requested:

spiteful, B
unfavorable, B
thoughtful, A
benevolent, A
ill-mannered, B
uncivil, B
antagonistic, B
humane, A
unmannerly, B
discourteous, B
humanitarian, A
generous, A
surly, B
unkind, B
pleasant, A
attentive, A
compassionate, A
kindhearted, A
sympathetic, A
negative, B
good-hearted, A
inconsiderate, B
unpleasant, B
benignant, A
merciful, A
impolite, B
gentle, A
inimical, B
tender, A
impertinent, B
inhospitable, B
contrary, B
kindly, A
considerate, A
adversary, B
hostile, B
rude, B
beneficent, A
patient, A
kind, A",02/10/26
95,PS,MS,"Here is a list of adjectives. For each adjective, choose a writer - A o B - and write it next to the adjective without further explanation. Put a comma after each writer. The adjectives are: discourteous, unpleasant, gentle, benignant, adversary, unfavorable, inimical, considerate, attentive, good-hearted, impolite, kindly, hostile, inconsiderate, humane, merciful, ill-mannered, negative, contrary, sympathetic, antagonistic, kindhearted, thoughtful, tender, unkind, impertinent, inhospitable, compassionate, generous, patient, kind, surly, benevolent, pleasant, humanitarian, unmannerly, uncivil, rude, beneficent, spiteful. A: ¿Tú ahora a qué te dedicas? - Soy camarero B: ¿Tú ahorita a qué te dedicas? - Soy mesero","Here's the list of adjectives paired with either writer A or B:

discourteous, A
unpleasant, B
gentle, B
benignant, B
adversary, A
unfavorable, A
inimical, A
considerate, B
attentive, B
good-hearted, B
impolite, A
kindly, B
hostile, A
inconsiderate, A
humane, B
merciful, B
ill-mannered, A
negative, A
contrary, A
sympathetic, B
antagonistic, A
kindhearted, B
thoughtful, B
tender, B
unkind, A
impertinent, A
inhospitable, A
compassionate, B
generous, B
patient, B
kind, B
surly, A
benevolent, B
pleasant, B
humanitarian, B
unmannerly, A
uncivil, A
rude, A
beneficent, B
spiteful, A",02/10/26
96,MS,PS,"Here is a list of adjectives. For each adjective, choose a writer - A o B - and write it next to the adjective without further explanation. Put a comma after each writer. The adjectives are: spiteful, benignant, surly, patient, negative, impertinent, gentle, good-hearted, tender, inhospitable, inconsiderate, impolite, antagonistic, beneficent, hostile, thoughtful, sympathetic, unfavorable, humane, adversary, unmannerly, contrary, unpleasant, humanitarian, rude, discourteous, uncivil, considerate, benevolent, generous, merciful, kindly, attentive, kindhearted, unkind, kind, inimical, pleasant, ill-mannered, compassionate. A: Te les quedas viendo directamente a los ojos, y ya los ofendiste B: Te les quedas viendo directamente a los ojos, y ya les has ofendido","Here's the list of adjectives paired with either writer A or B:

spiteful, B
benignant, A
surly, B
patient, A
negative, B
impertinent, B
gentle, A
good-hearted, A
tender, A
inhospitable, B
inconsiderate, B
impolite, B
antagonistic, B
beneficent, A
hostile, B
thoughtful, A
sympathetic, A
unfavorable, B
humane, A
adversary, B
unmannerly, B
contrary, B
unpleasant, B
humanitarian, A
rude, B
discourteous, B
uncivil, B
considerate, A
benevolent, A
generous, A
merciful, A
kindly, A
attentive, A
kindhearted, A
unkind, B
kind, A
inimical, B
pleasant, A
ill-mannered, B
compassionate, A",02/10/26
97,PS,MS,"Here is a list of adjectives. For each adjective, choose a writer - A o B - and write it next to the adjective without further explanation. Put a comma after each writer. The adjectives are: compassionate, inhospitable, discourteous, kindly, merciful, considerate, kind, inconsiderate, gentle, ill-mannered, uncivil, negative, pleasant, unpleasant, rude, contrary, adversary, thoughtful, patient, unkind, benignant, impolite, good-hearted, humane, spiteful, beneficent, attentive, tender, hostile, generous, sympathetic, inimical, impertinent, humanitarian, antagonistic, unfavorable, kindhearted, benevolent, surly, unmannerly. A: ¿Más grandes o más pequeños? B: ¿Más grandes o más chicos?","compassionate, A
inhospitable, B
discourteous, B
kindly, A
merciful, A
considerate, A
kind, A
inconsiderate, B
gentle, A
ill-mannered, B
uncivil, B
negative, B
pleasant, A
unpleasant, B
rude, B
contrary, B
adversary, B
thoughtful, A
patient, A
unkind, B
benignant, A
impolite, B
good-hearted, A
humane, A
spiteful, B
beneficent, A
attentive, A
tender, A
hostile, B
generous, A
sympathetic, A
inimical, B
impertinent, B
humanitarian, A
antagonistic, B
unfavorable, B
kindhearted, A
benevolent, A
surly, B
unmannerly, B",02/10/26
98,MS,PS,"Here is a list of adjectives. For each adjective, choose a writer - A o B - and write it next to the adjective without further explanation. Put a comma after each writer. The adjectives are: humanitarian, kindly, thoughtful, uncivil, contrary, patient, compassionate, unmannerly, attentive, kindhearted, beneficent, humane, inhospitable, benignant, good-hearted, negative, generous, kind, merciful, discourteous, impertinent, spiteful, benevolent, unkind, impolite, rude, inconsiderate, unpleasant, sympathetic, ill-mannered, inimical, considerate, gentle, tender, unfavorable, hostile, adversary, pleasant, antagonistic, surly. A: Bueno, según lo que me dijeron a mí B: Bueno, según lo que me han dicho a mí","Here's the list of adjectives paired with either writer A or B:

humanitarian, A
kindly, B
thoughtful, A
uncivil, B
contrary, A
patient, B
compassionate, A
unmannerly, B
attentive, A
kindhearted, B
beneficent, A
humane, B
inhospitable, A
benignant, B
good-hearted, A
negative, B
generous, A
kind, B
merciful, A
discourteous, B
impertinent, A
spiteful, B
benevolent, A
unkind, B
impolite, A
rude, B
inconsiderate, A
unpleasant, B
sympathetic, A
ill-mannered, B
inimical, A
considerate, B
gentle, A
tender, B
unfavorable, A
hostile, B
adversary, A
pleasant, B
antagonistic, A
surly, B",02/10/26
99,PS,MS,"Here is a list of adjectives. For each adjective, choose a writer - A o B - and write it next to the adjective without further explanation. Put a comma after each writer. The adjectives are: beneficent, uncivil, rude, compassionate, generous, gentle, inimical, inhospitable, impolite, patient, good-hearted, tender, ill-mannered, surly, contrary, benignant, thoughtful, benevolent, kindhearted, attentive, inconsiderate, unpleasant, discourteous, unkind, impertinent, pleasant, kind, negative, spiteful, unfavorable, adversary, humanitarian, hostile, unmannerly, humane, antagonistic, merciful, kindly, considerate, sympathetic. A: ¿Y eran de tus colegas?  B: ¿Y eran de tus cuates?","Here's the list of adjectives paired with either writer A or B:

beneficent, A
uncivil, B
rude, B
compassionate, A
generous, A
gentle, A
inimical, B
inhospitable, B
impolite, B
patient, A
good-hearted, A
tender, A
ill-mannered, B
surly, B
contrary, B
benignant, A
thoughtful, A
benevolent, A
kindhearted, A
attentive, A
inconsiderate, B
unpleasant, B
discourteous, B
unkind, B
impertinent, B
pleasant, A
kind, A
negative, B
spiteful, B
unfavorable, B
adversary, B
humanitarian, A
hostile, B
unmannerly, B
humane, A
antagonistic, B
merciful, A
kindly, A
considerate, A
sympathetic, A",02/10/26
100,MS,PS,"Here is a list of adjectives. For each adjective, choose a writer - A o B - and write it next to the adjective without further explanation. Put a comma after each writer. The adjectives are: hostile, inhospitable, antagonistic, inconsiderate, negative, merciful, surly, impertinent, good-hearted, beneficent, patient, ill-mannered, humane, attentive, pleasant, inimical, unfavorable, kindly, rude, gentle, impolite, tender, generous, considerate, compassionate, thoughtful, unkind, adversary, sympathetic, discourteous, benevolent, benignant, unpleasant, unmannerly, spiteful, uncivil, contrary, humanitarian, kind, kindhearted. A: Eso incluso salió en el periódico B: Eso incluso ha salido en el periódico","Here's the list of adjectives paired with either writer A or B:

hostile, A
inhospitable, A
antagonistic, A
inconsiderate, A
negative, A
merciful, B
surly, A
impertinent, A
good-hearted, B
beneficent, B
patient, B
ill-mannered, A
humane, B
attentive, B
pleasant, B
inimical, A
unfavorable, A
kindly, B
rude, A
gentle, B
impolite, A
tender, B
generous, B
considerate, B
compassionate, B
thoughtful, B
unkind, A
adversary, A
sympathetic, B
discourteous, A
benevolent, B
benignant, B
unpleasant, A
unmannerly, A
spiteful, A
uncivil, A
contrary, A
humanitarian, B
kind, B
kindhearted, B",02/10/26
