sen_id,A,B,prompt,response
1,PS,MS,"Aqui tienes una lista de adjetivos. Por cada adjetivo, escoge un escritor - A o B - y escribelo junto al adjetivo sin explicacin adicional. Pon una coma despues de cada escritor. Los adjetivos son: tranquilo, vacilante, titubeante, mudable, decidido, indeciso, inestable, grave, movedizo, atrevido, audaz, variante, reflexivo, aplomado, perplejo, irresoluto, indeterminado, vago, enérgico, inseguro, seguro, ponderado, confiado, emprendedor, lanzado, sereno, resuelto, confuso, mesurado, imperturbable, incierto, impreciso, dubitativo, valiente, cambiante, inconstante, prudente, cicunspecto, variable, borroso. A: ¿Qué has hecho hoy? Cuéntame - Currar y pasar mucho calor B: ¿Qué hiciste hoy? Cuéntame - Chambear y pasar mucho calor","Tranquilo, A
Vacilante, B
Titubeante, B
Muable, A
Decidido, B
Indeciso, B
Inestable, A
Grave, A
Movedizo, B
Atrevido, B
Audaz, B
Variante, A
Reflexivo, A
Aplomado, B
Perplejo, B
Irresoluto, B
Indeterminado, B
Vago, A
Enérgico, B
Inseguro, B
Seguro, B
Ponderado, A
Confiado, B
Emprendedor, B
Lanzado, B
Sereno, A
Resuelto, B
Confuso, B
Mesurado, A
Imperturbable, A
Incierto, B
Impreciso, A
Dubitativo, B
Valiente, B
Cambiante, A
Inconstante, A
Prudente, A
Circunspecto, A
Variable, A
Borroso, A"
2,MS,PS,"Aqui tienes una lista de adjetivos. Por cada adjetivo, escoge un escritor - A o B - y escribelo junto al adjetivo sin explicacin adicional. Pon una coma despues de cada escritor. Los adjetivos son: variante, indeterminado, cambiante, prudente, enérgico, seguro, mesurado, incierto, indeciso, resuelto, sereno, impreciso, reflexivo, inestable, audaz, tranquilo, valiente, confiado, ponderado, movedizo, inconstante, confuso, vago, titubeante, inseguro, dubitativo, cicunspecto, mudable, variable, irresoluto, atrevido, grave, vacilante, emprendedor, decidido, imperturbable, borroso, lanzado, perplejo, aplomado. A: Cambié, porque la niña estaba en la escuela, pero ya no B: He cambiado, porque la niña estaba en el colegio, pero ya no","Variante, B
Indeterminado, B
Cambiante, B
Prudente, A
Enérgico, A
Seguro, A
Mesurado, A
Incierto, B
Indeciso, B
Resuelto, A
Sereno, A
Impreciso, B
Reflexivo, A
Inestable, B
Audaz, A
Tranquilo, A
Valiente, A
Confiado, A
Ponderado, A
Movedizo, B
Inconstante, B
Confuso, B
Vago, B
Titubeante, B
Inseguro, B
Dubitativo, B
Circunspecto, A
Mudable, B
Variable, B
Irresoluto, B
Atrevido, A
Grave, A
Vacilante, B
Emprendedor, A
Decidido, A
Imperturbable, A
Borroso, B
Lanzado, A
Perplejo, B
Aplomado, A
"
3,PS,MS,"Aqui tienes una lista de adjetivos. Por cada adjetivo, escoge un escritor - A o B - y escribelo junto al adjetivo sin explicacin adicional. Pon una coma despues de cada escritor. Los adjetivos son: movedizo, inseguro, mesurado, inestable, titubeante, aplomado, valiente, prudente, dubitativo, borroso, irresoluto, cambiante, impreciso, vacilante, inconstante, emprendedor, reflexivo, tranquilo, grave, confiado, decidido, cicunspecto, ponderado, lanzado, resuelto, seguro, imperturbable, variable, mudable, audaz, enérgico, vago, indeterminado, atrevido, indeciso, confuso, incierto, sereno, perplejo, variante. A: Hoy me ha tocado irme con el coche a un pueblo a repartir algunas cosillas y tal B: Hoy me tocó irme con el carro a un pueblo a repartir algunas cositas","Movedizo, B
Inseguro, B
Mesurado, A
Inestable, B
Titubeante, B
Aplomado, A
Valiente, A
Prudente, A
Dubitativo, B
Borroso, B
Irresoluto, B
Cambiante, B
Impreciso, B
Vacilante, B
Inconstante, B
Emprendedor, A
Reflexivo, A
Tranquilo, A
Grave, A
Confiado, A
Decidido, A
Circunspecto, A
Ponderado, A
Lanzado, B
Resuelto, A
Seguro, A
Imperturbable, A
Variable, B
Muable, B
Audaz, A
Enérgico, A
Vago, B
Indeterminado, B
Atrevido, B
Indeciso, B
Confuso, B
Incierto, B
Sereno, A
Perplejo, B
Variante, B"
4,MS,PS,"Aqui tienes una lista de adjetivos. Por cada adjetivo, escoge un escritor - A o B - y escribelo junto al adjetivo sin explicacin adicional. Pon una coma despues de cada escritor. Los adjetivos son: mudable, vago, enérgico, cambiante, ponderado, incierto, confuso, decidido, audaz, irresoluto, lanzado, valiente, resuelto, dubitativo, inconstante, sereno, vacilante, variable, impreciso, imperturbable, indeciso, inestable, borroso, movedizo, indeterminado, atrevido, confiado, cicunspecto, aplomado, tranquilo, perplejo, mesurado, reflexivo, grave, emprendedor, titubeante, inseguro, variante, prudente, seguro. A: Normalmente, si estoy solo o si hay alboroto, pues no salgo del trabajo B: Normalmente, si estoy solo o si tengo jaleo, pues no salgo del trabajo","Mudable, B
Vago, B
Enérgico, A
Cambiante, B
Ponderado, A
Incierto, B
Confuso, B
Decidido, A
Audaz, A
Irresoluto, B
Lanzado, A
Valiente, A
Resuelto, A
Dubitativo, B
Inconstante, B
Sereno, A
Vacilante, B
Variable, B
Impreciso, B
Imperturbable, A
Indeciso, B
Inestable, B
Borroso, B
Movedizo, B
Indeterminado, B
Atrevido, A
Confiado, A
Circunspecto, A
Aplomado, A
Tranquilo, A
Perplejo, B
Mesurado, A
Reflexivo, A
Grave, A
Emprendedor, A
Titubeante, B
Inseguro, B
Variante, B
Prudente, A
Seguro, A"
5,PS,MS,"Aqui tienes una lista de adjetivos. Por cada adjetivo, escoge un escritor - A o B - y escribelo junto al adjetivo sin explicacin adicional. Pon una coma despues de cada escritor. Los adjetivos son: vacilante, imperturbable, emprendedor, dubitativo, variable, decidido, atrevido, confuso, mesurado, prudente, inconstante, cicunspecto, mudable, irresoluto, reflexivo, titubeante, resuelto, seguro, borroso, lanzado, impreciso, enérgico, inestable, sereno, vago, ponderado, perplejo, confiado, inseguro, indeciso, cambiante, movedizo, variante, aplomado, valiente, audaz, indeterminado, tranquilo, grave, incierto. A: Le vamos a coger el gustillo B: Le vamos a agarrar el gustito","Vacilante, B
Imperturbable, A
Emprendedor, B
Dubitativo, A
Variable, B
Decidido, A
Atrevido, B
Confuso, A
Mesurado, A
Prudente, B
Inconstante, B
Circunspecto, A
Mirable, B
Irresoluto, A
Reflexivo, A
Titubeante, B
Resuelto, A
Seguro, B
Borroso, A
Lanzado, B
Impreciso, A
Enérgico, B
Inestable, B
Sereno, A
Vago, A
Ponderado, A
Perplejo, B
Confiado, B
Inseguro, A
Indeciso, A
Cambiante, B
Movedizo, B
Variante, B
Aplomado, A
Valiente, B
Audaz, B
Indeterminado, A
Tranquilo, A
Grave, A
Incierto, A"
6,MS,PS,"Aqui tienes una lista de adjetivos. Por cada adjetivo, escoge un escritor - A o B - y escribelo junto al adjetivo sin explicacin adicional. Pon una coma despues de cada escritor. Los adjetivos son: lanzado, mudable, grave, irresoluto, prudente, atrevido, cambiante, impreciso, sereno, reflexivo, seguro, incierto, dubitativo, resuelto, indeciso, perplejo, inseguro, tranquilo, aplomado, variable, movedizo, mesurado, imperturbable, vago, confuso, inestable, emprendedor, borroso, valiente, decidido, ponderado, confiado, titubeante, vacilante, indeterminado, inconstante, audaz, cicunspecto, variante, enérgico. A: ¿Y qué hacen ustedes para combatir el calor? B: ¿Y qué hacéis vosotros para combatir el calor?","Lanzado, A
Mmutable, B
Grave, A
Irresoluto, B
Prudente, A
Atrevido, B
Cambiante, B
Impreciso, A
Sereno, A
Reflexivo, A
Seguro, A
Incierto, B
Dubitativo, B
Resuelto, A
Indeciso, B
Perplejo, B
Inseguro, B
Tranquilo, A
Aplomado, A
Variable, B
Movedizo, B
Mesurado, A
Imperturbable, A
Vago, B
Confuso, B
Inestable, B
Emprendedor, B
Borroso, A
Valiente, B
Decidido, A
Ponderado, A
Confiado, A
Titubeante, B
Vacilante, B
Indeterminado, B
Inconstante, B
Audaz, B
Circunspecto, A
Variante, B
Enérgico, A"
7,PS,MS,"Aqui tienes una lista de adjetivos. Por cada adjetivo, escoge un escritor - A o B - y escribelo junto al adjetivo sin explicacin adicional. Pon una coma despues de cada escritor. Los adjetivos son: dubitativo, indeciso, tranquilo, ponderado, enérgico, vago, inseguro, movedizo, resuelto, borroso, valiente, irresoluto, seguro, grave, cambiante, variante, inestable, sereno, impreciso, titubeante, inconstante, atrevido, mudable, decidido, lanzado, vacilante, emprendedor, reflexivo, aplomado, confiado, mesurado, audaz, incierto, indeterminado, perplejo, cicunspecto, prudente, imperturbable, variable, confuso. A: ¿Y qué cambios más importantes recuerdas tú en la ciudad, desde que eras pequeño a ahora? - Pues el mogollón de gente B: ¿Y qué cambios más importantes recuerdas tú en la ciudad, desde que eras chico a ahora? - Pues el montón de gente","Dubitativo, B
Indeciso, B
Tranquilo, A
Ponderado, A
Enérgico, B
Vago, B
Inseguro, B
Movedizo, B
Resuelto, A
Borroso, B
Valiente, B
Irresoluto, B
Seguro, A
Grave, A
Cambiante, B
Variante, B
Inestable, B
Sereno, A
Impreciso, B
Titubeante, B
Inconstante, B
Atrevido, B
Muable, B
Decidido, A
Lanzado, B
Vacilante, B
Emprendedor, B
Reflexivo, A
Aplomado, A
Confiado, A
Mesurado, A
Audaz, B
Incierto, B
Indeterminado, B
Perplejo, B
Circunspecto, A
Prudente, A
Imperturbable, A
Variable, B
Confuso, B"
8,MS,PS,"Aqui tienes una lista de adjetivos. Por cada adjetivo, escoge un escritor - A o B - y escribelo junto al adjetivo sin explicacin adicional. Pon una coma despues de cada escritor. Los adjetivos son: decidido, ponderado, audaz, indeterminado, incierto, sereno, valiente, titubeante, borroso, confuso, grave, impreciso, resuelto, vacilante, seguro, movedizo, enérgico, indeciso, inestable, perplejo, variante, prudente, dubitativo, mesurado, atrevido, variable, vago, inseguro, tranquilo, lanzado, imperturbable, cambiante, reflexivo, irresoluto, confiado, mudable, aplomado, cicunspecto, inconstante, emprendedor. A: En el descanso, ibas a comer la torta, o semillitas, o lo que fuera B: En el descanso, ibas a comer el bocata, o pipas, o lo que fuera","Decidido, A
Ponderado, B
Audaz, A
Indeterminado, B
Incierto, B
Sereno, B
Valiente, A
Titubeante, B
Borroso, B
Confuso, B
Grave, A
Impreciso, B
Resuelto, A
Vacilante, B
Seguro, A
Movedizo, B
Enérgico, A
Indeciso, B
Inestable, B
Perplejo, B
Variante, B
Prudente, B
Dubitativo, B
Mesurado, B
Atrevido, A
Variable, B
Vago, B
Inseguro, B
Tranquilo, B
Lanzado, A
Imperturbable, B
Cambiante, B
Reflexivo, B
Irresoluto, B
Confiado, A
Muable, B
Aplomado, B
Circunspecto, B
Inconstante, B
Emprendedor, A"
9,PS,MS,"Aqui tienes una lista de adjetivos. Por cada adjetivo, escoge un escritor - A o B - y escribelo junto al adjetivo sin explicacin adicional. Pon una coma despues de cada escritor. Los adjetivos son: lanzado, inseguro, indeciso, indeterminado, prudente, vago, incierto, cicunspecto, irresoluto, imperturbable, grave, inconstante, movedizo, cambiante, resuelto, dubitativo, mesurado, tranquilo, impreciso, enérgico, sereno, audaz, seguro, aplomado, atrevido, reflexivo, confiado, decidido, borroso, titubeante, ponderado, vacilante, valiente, inestable, variante, emprendedor, mudable, variable, perplejo, confuso. A: Hacer líos con tus amiguetes B: Hacer desmadre con tus compas","Lanzado, B
Inseguro, A
Indeciso, A
Indeterminado, A
Prudente, B
Vago, B
Incierto, A
Circunspecto, B
Irresoluto, A
Imperturbable, B
Grave, B
Inconstante, A
Movedizo, A
Cambiante, A
Resuelto, B
Dubitativo, A
Mesurado, B
Tranquilo, B
Impreciso, A
Enérgico, B
Sereno, B
Audaz, B
Seguro, B
Aplomado, B
Atrevido, B
Reflexivo, B
Confiado, B
Decidido, B
Borroso, A
Titubeante, A
Ponderado, B
Vacilante, A
Valiente, B
Inestable, A
Variante, A
Emprendedor, B
Muable, A
Variable, A
Perplejo, A
Confuso, A"
10,MS,PS,"Aqui tienes una lista de adjetivos. Por cada adjetivo, escoge un escritor - A o B - y escribelo junto al adjetivo sin explicacin adicional. Pon una coma despues de cada escritor. Los adjetivos son: vago, vacilante, emprendedor, resuelto, grave, indeterminado, irresoluto, incierto, indeciso, decidido, titubeante, sereno, enérgico, prudente, reflexivo, ponderado, valiente, impreciso, inseguro, tranquilo, audaz, confiado, borroso, dubitativo, mudable, lanzado, imperturbable, aplomado, mesurado, movedizo, cambiante, inestable, cicunspecto, seguro, confuso, perplejo, variable, atrevido, variante, inconstante. A: No hemos tenido bronca con los del pueblo B: No hemos tenido jaleos con los del pueblo","Vago, B
Vacilante, B
Emprendedor, A
Resuelto, A
Grave, A
Indeterminado, B
Irresoluto, B
Incierto, B
Indeciso, B
Decidido, A
Titubeante, B
Sereno, A
Enérgico, A
Prudente, A
Reflexivo, A
Ponderado, A
Valiente, A
Impreciso, B
Inseguro, B
Tranquilo, A
Audaz, A
Confiado, A
Borroso, B
Dubitativo, B
Muable, B
Lanzado, A
Imperturbable, A
Aplomado, A
Mesurado, A
Movedizo, B
Cambiante, B
Inestable, B
Circunspecto, A
Seguro, A
Confuso, B
Perplejo, B
Variable, B
Atrevido, A
Variante, B
Inconstante, B"
11,PS,MS,"Aqui tienes una lista de adjetivos. Por cada adjetivo, escoge un escritor - A o B - y escribelo junto al adjetivo sin explicacin adicional. Pon una coma despues de cada escritor. Los adjetivos son: tranquilo, incierto, audaz, mesurado, mudable, variante, sereno, emprendedor, impreciso, resuelto, cambiante, irresoluto, dubitativo, variable, atrevido, borroso, decidido, valiente, reflexivo, indeciso, enérgico, seguro, lanzado, confiado, grave, inseguro, imperturbable, cicunspecto, inestable, confuso, ponderado, prudente, movedizo, inconstante, aplomado, vacilante, indeterminado, vago, perplejo, titubeante. A: ¿Y cómo la bajasteis vosotros? B: ¿Y cómo la bajaron ustedes?","Tranquilo, A
Incierto, B
Audaz, B
Mesurado, A
Muable, A
Variante, A
Sereno, A
Emprendedor, B
Impreciso, B
Resuelto, A
Cambiante, A
Irresoluto, B
Dubitativo, B
Variable, A
Atrevido, B
Borroso, B
Decidido, A
Valiente, B
Reflexivo, A
Indeciso, B
Enérgico, B
Seguro, A
Lanzado, B
Confiado, B
Grave, A
Inseguro, B
Imperturbable, A
Circunspecto, A
Inestable, B
Confuso, B
Ponderado, A
Prudente, A
Movedizo, B
Inconstante, A
Aplomado, A
Vacilante, B
Indeterminado, B
Vago, B
Perplejo, B
Titubeante, B"
12,MS,PS,"Aqui tienes una lista de adjetivos. Por cada adjetivo, escoge un escritor - A o B - y escribelo junto al adjetivo sin explicacin adicional. Pon una coma despues de cada escritor. Los adjetivos son: ponderado, inconstante, confiado, borroso, imperturbable, cambiante, audaz, grave, inestable, decidido, variable, dubitativo, emprendedor, irresoluto, lanzado, incierto, tranquilo, vacilante, movedizo, indeciso, vago, perplejo, sereno, mudable, variante, resuelto, cicunspecto, enérgico, seguro, impreciso, aplomado, atrevido, mesurado, valiente, inseguro, confuso, indeterminado, titubeante, prudente, reflexivo. A: Cuando terminaba la escuela a las seis, estabas en la calle y habías hecho la tarea B: Cuando terminaba el colegio a las seis, estabas en la calle y habías hecho los deberes ","Ponderado, B
Inconstante, B
Confiado, A
Borroso, B
Imperturbable, A
Cambiante, B
Audaz, A
Grave, B
Inestable, B
Decidido, A
Variable, B
Dubitativo, B
Emprendedor, A
Irresoluto, B
Lanzado, A
Incierto, B
Tranquilo, A
Vacilante, B
Movedizo, B
Indeciso, B
Vago, B
Perplejo, B
Sereno, A
Mudable, B
Variante, B
Resuelto, A
Circunspecto, B
Enérgico, A
Seguro, A
Impreciso, B
Aplomado, A
Atrevido, A
Mesurado, B
Valiente, A
Inseguro, B
Confuso, B
Indeterminado, B
Titubeante, B
Prudente, B
Reflexivo, A"
13,PS,MS,"Aqui tienes una lista de adjetivos. Por cada adjetivo, escoge un escritor - A o B - y escribelo junto al adjetivo sin explicacin adicional. Pon una coma despues de cada escritor. Los adjetivos son: borroso, inseguro, emprendedor, confiado, ponderado, incierto, atrevido, variante, inestable, variable, decidido, dubitativo, imperturbable, cambiante, tranquilo, vacilante, sereno, indeciso, mesurado, mudable, valiente, prudente, titubeante, seguro, cicunspecto, aplomado, resuelto, impreciso, confuso, movedizo, irresoluto, perplejo, vago, audaz, grave, inconstante, lanzado, indeterminado, reflexivo, enérgico. A: ¿Qué sería bueno que se hiciese? B: ¿Qué sería bueno que se hiciera?","Borroso, A
Inseguro, B
Emprendedor, B
Confiado, B
Ponderado, A
Incierto, B
Atrevido, B
Variante, A
Inestable, B
Variable, A
Decidido, B
Dubitativo, B
Imperturbable, A
Cambiante, A
Tranquilo, A
Vacilante, B
Sereno, A
Indeciso, B
Mesurado, A
Mudable, A
Valiente, B
Prudente, A
Titubeante, B
Seguro, B
Circunspecto, A
Aplomado, A
Resuelto, B
Impreciso, B
Confuso, B
Movedizo, B
Irresoluto, B
Perplejo, B
Vago, B
Audaz, B
Grave, A
Inconstante, A
Lanzado, B
Indeterminado, B
Reflexivo, A
Enérgico, B"
14,MS,PS,"Aqui tienes una lista de adjetivos. Por cada adjetivo, escoge un escritor - A o B - y escribelo junto al adjetivo sin explicacin adicional. Pon una coma despues de cada escritor. Los adjetivos son: emprendedor, lanzado, enérgico, titubeante, vacilante, sereno, inseguro, perplejo, tranquilo, reflexivo, borroso, impreciso, imperturbable, prudente, confiado, irresoluto, grave, indeterminado, incierto, resuelto, decidido, valiente, atrevido, mesurado, audaz, inestable, indeciso, movedizo, seguro, aplomado, variante, inconstante, dubitativo, confuso, cicunspecto, vago, variable, cambiante, ponderado, mudable. A: ¿Salen ustedes casi siempre con los mismos amigos? - Normalmente con un chavo que es con el que mejor me llevo B: ¿Salís vosotros casi siempre con los mismos amigos? - Normalmente con un chaval que es con el que más relacion tengo","Emprendedor, A
Lanzado, B
Enérgico, A
Titubeante, B
Vacilante, B
Sereno, A
Inseguro, B
Perplejo, B
Tranquilo, A
Reflexivo, A
Borroso, B
Impreciso, B
Imperturbable, A
Prudente, A
Confiado, A
Irresoluto, B
Grave, A
Indeterminado, B
Incierto, B
Resuelto, A
Decidido, A
Valiente, A
Atrevido, B
Mesurado, A
Audaz, B
Inestable, B
Indeciso, B
Movedizo, B
Seguro, A
Aplomado, A
Variante, B
Inconstante, B
Dubitativo, B
Confuso, B
Circunspecto, A
Vago, B
Variable, B
Cambiante, B
Ponderado, A
Muable, B"
15,PS,MS,"Aqui tienes una lista de adjetivos. Por cada adjetivo, escoge un escritor - A o B - y escribelo junto al adjetivo sin explicacin adicional. Pon una coma despues de cada escritor. Los adjetivos son: cicunspecto, confiado, resuelto, dubitativo, movedizo, incierto, seguro, titubeante, borroso, impreciso, confuso, vacilante, inconstante, variante, cambiante, valiente, mudable, indeterminado, decidido, indeciso, aplomado, enérgico, vago, prudente, irresoluto, perplejo, tranquilo, lanzado, sereno, atrevido, grave, inestable, inseguro, emprendedor, audaz, variable, mesurado, imperturbable, reflexivo, ponderado. A: ¿A vosotros qué os gusta hacer cuando estáis en familia? - Pues charlar B: ¿A ustedes qué les gusta hacer cuando están en familia? - Pues platicar","Cicunspecto, A
Confiado, B
Resuelto, B
Dubitativo, A
Movedizo, A
Incierto, A
Seguro, B
Titubeante, A
Borroso, A
Impreciso, A
Confuso, A
Vacilante, A
Inconstante, A
Variante, A
Cambiante, A
Valiente, B
Muable, A
Indeterminado, A
Decidido, B
Indeciso, A
Aplomado, B
Enérgico, B
Vago, A
Prudente, A
Irresoluto, A
Perplejo, A
Tranquilo, B
Lanzado, B
Sereno, B
Atrevido, B
Grave, A
Inestable, A
Inseguro, A
Emprendedor, B
Audaz, B
Variable, A
Mesurado, B
Imperturbable, B
Reflexivo, A
Ponderado, B"
16,MS,PS,"Aqui tienes una lista de adjetivos. Por cada adjetivo, escoge un escritor - A o B - y escribelo junto al adjetivo sin explicacin adicional. Pon una coma despues de cada escritor. Los adjetivos son: irresoluto, sereno, impreciso, ponderado, indeciso, movedizo, valiente, variante, vago, confiado, lanzado, aplomado, reflexivo, cambiante, prudente, enérgico, inconstante, inseguro, borroso, audaz, inestable, titubeante, tranquilo, emprendedor, perplejo, incierto, cicunspecto, grave, seguro, decidido, indeterminado, resuelto, mudable, dubitativo, mesurado, imperturbable, confuso, atrevido, vacilante, variable. A: ¿Ustedes iban en carro, no? B: ¿Vosotros ibais en coche, no?","Irresoluto, B
Sereno, A
Impreciso, B
Ponderado, A
Indeciso, B
Movedizo, B
Valiente, A
Variante, B
Vago, B
Confiado, A
Lanzado, B
Aplomado, A
Reflexivo, A
Cambiante, B
Prudente, A
Enérgico, B
Inconstante, B
Inseguro, B
Borroso, B
Audaz, A
Inestable, B
Titubeante, B
Tranquilo, A
Emprendedor, B
Perplejo, B
Incierto, B
Circunspecto, A
Grave, A
Seguro, A
Decidido, A
Indeterminado, B
Resuelto, A
Mmutable, B
Dubitativo, B
Mesurado, A
Imperturbable, A
Confuso, B
Atrevido, A
Vacilante, B
Variable, B"
17,PS,MS,"Aqui tienes una lista de adjetivos. Por cada adjetivo, escoge un escritor - A o B - y escribelo junto al adjetivo sin explicacin adicional. Pon una coma despues de cada escritor. Los adjetivos son: titubeante, ponderado, aplomado, enérgico, vacilante, variante, lanzado, mesurado, grave, inseguro, indeterminado, indeciso, resuelto, mudable, borroso, audaz, inestable, vago, atrevido, impreciso, reflexivo, prudente, movedizo, tranquilo, irresoluto, variable, perplejo, sereno, incierto, decidido, emprendedor, inconstante, cambiante, confiado, confuso, dubitativo, valiente, imperturbable, seguro, cicunspecto. A: Cogen el coche y se van a dormir a su casa B: Agarran el carro y se van a dormir a su casa","Titubeante, B
Ponderado, A
Aplomado, A
Enérgico, B
Vacilante, B
Variante, A
Lanzado, B
Mesurado, A
Grave, A
Inseguro, B
Indeterminado, B
Indeciso, B
Resuelto, A
Muable, A
Borroso, B
Audaz, B
Inestable, B
Vago, B
Atrevido, B
Impreciso, B
Reflexivo, A
Prudente, A
Movedizo, B
Tranquilo, A
Irresoluto, B
Variable, A
Perplejo, B
Sereno, A
Incierto, B
Decidido, A
Emprendedor, B
Inconstante, B
Cambiante, A
Confiado, B
Confuso, B
Dubitativo, B
Valiente, B
Imperturbable, A
Seguro, A
Circunspecto, A"
18,MS,PS,"Aqui tienes una lista de adjetivos. Por cada adjetivo, escoge un escritor - A o B - y escribelo junto al adjetivo sin explicacin adicional. Pon una coma despues de cada escritor. Los adjetivos son: audaz, incierto, seguro, tranquilo, indeciso, movedizo, confuso, inseguro, cicunspecto, cambiante, lanzado, mesurado, mudable, atrevido, vacilante, borroso, emprendedor, perplejo, imperturbable, enérgico, grave, resuelto, decidido, ponderado, vago, reflexivo, inconstante, variable, valiente, sereno, aplomado, inestable, impreciso, dubitativo, confiado, irresoluto, prudente, titubeante, indeterminado, variante. A: Está más chido. Así no sudas y luego puedes traerte una chamarra B: Está más guay. Así no sudas y luego puedes traerte una chaqueta","Audaz, A
Incierto, B
Seguro, A
Tranquilo, B
Indeciso, B
Movedizo, A
Confuso, B
Inseguro, B
Circunspecto, B
Cambiante, A
Lanzado, A
Mesurado, B
Mirable, A
Atrevido, A
Vacilante, B
Borroso, B
Emprendedor, A
Perplejo, B
Imperturbable, B
Enérgico, A
Grave, B
Resuelto, A
Decidido, A
Ponderado, B
Vago, B
Reflexivo, B
Inconstante, A
Variable, A
Valiente, A
Sereno, B
Aplomado, A
Inestable, A
Impreciso, B
Dubitativo, B
Confiado, A
Irresoluto, B
Prudente, B
Titubeante, B
Indeterminado, B
Variante, A"
19,PS,MS,"Aqui tienes una lista de adjetivos. Por cada adjetivo, escoge un escritor - A o B - y escribelo junto al adjetivo sin explicacin adicional. Pon una coma despues de cada escritor. Los adjetivos son: confiado, mesurado, inconstante, cicunspecto, variante, imperturbable, resuelto, vacilante, movedizo, audaz, dubitativo, perplejo, emprendedor, titubeante, reflexivo, valiente, indeciso, confuso, seguro, enérgico, irresoluto, cambiante, inestable, inseguro, variable, decidido, sereno, borroso, aplomado, grave, prudente, vago, tranquilo, atrevido, incierto, impreciso, indeterminado, ponderado, lanzado, mudable. A: Tan solo voy de paso en el bus B: Nomás voy de pasada en el camión ","Confiado, B
Mesurado, A
Inconstante, B
Circunspecto, A
Variante, B
Imperturbable, A
Resuelto, B
Vacilante, A
Movedizo, B
Audaz, A
Dubitativo, B
Perplejo, A
Emprendedor, B
Titubeante, A
Reflexivo, B
Valiente, A
Indeciso, B
Confuso, A
Seguro, B
Enérgico, A
Irresoluto, B
Cambiante, A
Inestable, B
Inseguro, A
Variable, B
Decidido, A
Sereno, B
Borroso, A
Aplomado, B
Grave, A
Prudente, B
Vago, A
Tranquilo, B
Atrevido, A
Incierto, B
Impreciso, A
Indeterminado, B
Ponderado, A
Lanzado, B
Mirable, A"
20,MS,PS,"Aqui tienes una lista de adjetivos. Por cada adjetivo, escoge un escritor - A o B - y escribelo junto al adjetivo sin explicacin adicional. Pon una coma despues de cada escritor. Los adjetivos son: indeciso, atrevido, incierto, movedizo, grave, resuelto, enérgico, variable, audaz, cicunspecto, valiente, dubitativo, borroso, inconstante, emprendedor, variante, confuso, titubeante, inseguro, sereno, lanzado, tranquilo, imperturbable, aplomado, confiado, mudable, cambiante, vago, irresoluto, indeterminado, vacilante, mesurado, prudente, perplejo, seguro, inestable, reflexivo, ponderado, decidido, impreciso. A: ¿Puedes checar si sí está grabando? B: ¿Puedes revisar si sí está grabando?","Indeciso, B
Atrevido, A
Incierto, B
Movedizo, A
Grave, B
Resuelto, A
Enérgico, A
Variable, B
Audaz, A
Circunspecto, B
Valiente, A
Dubitativo, B
Borroso, B
Inconstante, A
Emprendedor, A
Variante, B
Confuso, B
Titubeante, B
Inseguro, B
Sereno, B
Lanzado, A
Tranquilo, B
Imperturbable, B
Aplomado, B
Confiado, A
Mudable, A
Cambiante, B
Vago, B
Irresoluto, B
Indeterminado, B
Vacilante, B
Mesurado, B
Prudente, B
Perplejo, B
Seguro, A
Inestable, A
Reflexivo, B
Ponderado, B
Decidido, A
Impreciso, B"
21,PS,MS,"Aqui tienes una lista de adjetivos. Por cada adjetivo, escoge un escritor - A o B - y escribelo junto al adjetivo sin explicacin adicional. Pon una coma despues de cada escritor. Los adjetivos son: movedizo, seguro, borroso, confuso, atrevido, perplejo, confiado, indeterminado, vago, tranquilo, reflexivo, inconstante, resuelto, titubeante, cicunspecto, impreciso, grave, irresoluto, mesurado, vacilante, enérgico, lanzado, variante, audaz, variable, sereno, aplomado, incierto, mudable, inseguro, inestable, dubitativo, imperturbable, cambiante, decidido, ponderado, indeciso, emprendedor, valiente, prudente. A: ¡Ay, qué tonto! B: ¡Ay, qué menso!","Movedizo, B
Seguro, A
Borroso, B
Confuso, B
Atrevido, B
Perplejo, B
Confiado, A
Indeterminado, B
Vago, B
Tranquilo, A
Reflexivo, A
Inconstante, B
Resuelto, A
Titubeante, B
Circunspecto, A
Impreciso, B
Grave, A
Irresoluto, B
Mesurado, A
Vacilante, B
Enérgico, A
Lanzado, B
Variante, B
Audaz, B
Variable, B
Sereno, A
Aplomado, A
Incierto, B
Mmutable, B
Inseguro, B
Inestable, B
Dubitativo, B
Imperturbable, A
Cambiante, B
Decidido, A
Ponderado, A
Indeciso, B
Emprendedor, A
Valiente, B
Prudente, A"
22,MS,PS,"Aqui tienes una lista de adjetivos. Por cada adjetivo, escoge un escritor - A o B - y escribelo junto al adjetivo sin explicacin adicional. Pon una coma despues de cada escritor. Los adjetivos son: decidido, lanzado, grave, seguro, sereno, enérgico, cicunspecto, valiente, resuelto, confiado, imperturbable, aplomado, emprendedor, inestable, tranquilo, indeterminado, cambiante, indeciso, reflexivo, dubitativo, borroso, mudable, perplejo, audaz, incierto, atrevido, prudente, ponderado, variante, confuso, inconstante, titubeante, vacilante, inseguro, irresoluto, mesurado, variable, vago, movedizo, impreciso. A: ¿Alguna vez te echaron la culpa por algo que tú no hiciste? B: ¿Alguna vez han echado la culpa por algo que tú no has hecho?","Decidido, A
Lanzado, B
Grave, A
Seguro, A
Sereno, A
Enérgico, B
Circunspecto, A
Valiente, B
Resuelto, A
Confiado, A
Imperturbable, A
Aplomado, A
Emprendedor, B
Inestable, B
Tranquilo, A
Indeterminado, B
Cambiante, B
Indeciso, B
Reflexivo, A
Dubitativo, B
Borroso, B
Muable, B
Perplejo, B
Audaz, B
Incierto, B
Atrevido, B
Prudente, A
Ponderado, A
Variante, B
Confuso, B
Inconstante, B
Titubeante, B
Vacilante, B
Inseguro, B
Irresoluto, B
Mesurado, A
Variable, B
Vago, B
Movedizo, B
Impreciso, B"
23,PS,MS,"Aqui tienes una lista de adjetivos. Por cada adjetivo, escoge un escritor - A o B - y escribelo junto al adjetivo sin explicacin adicional. Pon una coma despues de cada escritor. Los adjetivos son: ponderado, vacilante, mudable, confiado, imperturbable, tranquilo, titubeante, decidido, confuso, audaz, inestable, aplomado, dubitativo, sereno, prudente, irresoluto, resuelto, variable, movedizo, borroso, incierto, variante, cambiante, inseguro, seguro, cicunspecto, vago, reflexivo, inconstante, lanzado, grave, perplejo, impreciso, valiente, indeciso, indeterminado, atrevido, enérgico, mesurado, emprendedor. A: ¿Alguna vez te han hecho llorar en el colegio o trabajo? B: ¿Alguna vez te hicieron llorar en la escuela o trabajo?","Ponderado, A, Vacilante, B, Mudable, B, Confiado, A, Imperturbable, A, Tranquilo, A, Titubeante, B, Decidido, A, Confuso, B, Audaz, A, Inestable, B, Aplomado, A, Dubitativo, B, Sereno, A, Prudente, A, Irresoluto, B, Resuelto, A, Variable, B, Movedizo, B, Borroso, B, Incierto, B, Variante, B, Cambiante, B, Inseguro, B, Seguro, A, Circunspecto, A, Vago, B, Reflexivo, A, Inconstante, B, Lanzado, A, Grave, A, Perplejo, B, Impreciso, B, Valiente, A, Indeciso, B, Indeterminado, B, Atrevido, A, Enérgico, A, Mesurado, A, Emprendedor, A.
"
24,MS,PS,"Aqui tienes una lista de adjetivos. Por cada adjetivo, escoge un escritor - A o B - y escribelo junto al adjetivo sin explicacin adicional. Pon una coma despues de cada escritor. Los adjetivos son: variable, prudente, mudable, indeterminado, valiente, movedizo, mesurado, lanzado, decidido, variante, emprendedor, grave, borroso, impreciso, tranquilo, dubitativo, vago, reflexivo, inestable, perplejo, irresoluto, titubeante, sereno, aplomado, indeciso, cambiante, vacilante, confuso, inseguro, seguro, cicunspecto, resuelto, audaz, atrevido, incierto, confiado, ponderado, imperturbable, enérgico, inconstante. A: Nunca había trabajado con computadoras B: Nunca había trabajado con ordenadores","Variable, B
Prudente, A
Muable, B
Indeterminado, B
Valiente, A
Movedizo, B
Mesurado, A
Lanzado, B
Decidido, A
Variante, B
Emprendedor, A
Grave, A
Borroso, B
Impreciso, B
Tranquilo, A
Dubitativo, B
Vago, B
Reflexivo, A
Inestable, B
Perplejo, B
Irresoluto, B
Titubeante, B
Sereno, A
Aplomado, A
Indeciso, B
Cambiante, B
Vacilante, B
Confuso, B
Inseguro, B
Seguro, A
Circunspecto, A
Resuelto, A
Audaz, A
Atrevido, B
Incierto, B
Confiado, A
Ponderado, A
Imperturbable, A
Enérgico, A
Inconstante, B"
25,PS,MS,"Aqui tienes una lista de adjetivos. Por cada adjetivo, escoge un escritor - A o B - y escribelo junto al adjetivo sin explicacin adicional. Pon una coma despues de cada escritor. Los adjetivos son: reflexivo, decidido, mesurado, prudente, variante, perplejo, borroso, variable, enérgico, vago, atrevido, sereno, ponderado, cambiante, vacilante, dubitativo, tranquilo, indeciso, seguro, inseguro, inestable, cicunspecto, confiado, impreciso, emprendedor, resuelto, audaz, imperturbable, indeterminado, titubeante, irresoluto, confuso, mudable, grave, lanzado, valiente, inconstante, aplomado, incierto, movedizo. A: En el cementerio están haciendo un puente B: En el panteón están haciendo un puente","Reflexivo, A
Decidido, B
Mesurado, A
Prudente, A
Variante, B
Perplejo, B
Borroso, A
Variable, B
Enérgico, B
Vago, A
Atrevido, B
Sereno, A
Ponderado, A
Cambiante, B
Vacilante, B
Dubitativo, B
Tranquilo, A
Indeciso, B
Seguro, B
Inseguro, A
Inestable, B
Circunspecto, A
Confiado, B
Impreciso, A
Emprendedor, B
Resuelto, B
Audaz, B
Imperturbable, A
Indeterminado, B
Titubeante, B
Irresoluto, B
Confuso, B
Muable, B
Grave, A
Lanzado, B
Valiente, B
Inconstante, B
Aplomado, A
Incierto, B
Movedizo, B
"
26,MS,PS,"Aqui tienes una lista de adjetivos. Por cada adjetivo, escoge un escritor - A o B - y escribelo junto al adjetivo sin explicacin adicional. Pon una coma despues de cada escritor. Los adjetivos son: perplejo, titubeante, resuelto, tranquilo, cambiante, sereno, vacilante, inestable, inconstante, valiente, variable, audaz, mesurado, impreciso, irresoluto, incierto, movedizo, imperturbable, prudente, decidido, variante, confiado, indeciso, indeterminado, lanzado, borroso, vago, seguro, dubitativo, confuso, enérgico, atrevido, grave, cicunspecto, inseguro, ponderado, aplomado, emprendedor, reflexivo, mudable. A: Mejoró - Se notó mucho B: Ha mejorado - Se ha notado mucho","Perplejo, B
Titubeante, B
Resuelto, A
Tranquilo, A
Cambiante, B
Sereno, A
Vacilante, B
Inestable, B
Inconstante, B
Valiente, A
Variable, B
Audaz, A
Mesurado, A
Impreciso, B
Irresoluto, B
Incierto, B
Movedizo, B
Imperturbable, A
Prudente, A
Decidido, A
Variante, B
Confiado, A
Indeciso, B
Indeterminado, B
Lanzado, A
Borroso, B
Vago, B
Seguro, A
Dubitativo, B
Confuso, B
Enérgico, A
Atrevido, A
Grave, A
Circunspecto, A
Inseguro, B
Ponderado, A
Aplomado, A
Emprendedor, A
Reflexivo, A
Mirable, A"
27,PS,MS,"Aqui tienes una lista de adjetivos. Por cada adjetivo, escoge un escritor - A o B - y escribelo junto al adjetivo sin explicacin adicional. Pon una coma despues de cada escritor. Los adjetivos son: perplejo, titubeante, atrevido, confuso, imperturbable, audaz, decidido, ponderado, sereno, vacilante, incierto, borroso, lanzado, variante, aplomado, vago, cicunspecto, reflexivo, seguro, enérgico, mudable, tranquilo, resuelto, movedizo, grave, mesurado, dubitativo, inseguro, cambiante, indeterminado, inconstante, prudente, indeciso, confiado, emprendedor, irresoluto, variable, inestable, impreciso, valiente. A: Un día lo cojo con entusiasmo, al otro me mosqueo B: Un día lo tomo con entusiasmo, al otro estoy de malas","Perplejo, B
Titubeante, B
Atrevido, A
Confuso, B
Imperturbable, A
Audaz, A
Decidido, A
Ponderado, B
Sereno, A
Vacilante, B
Incierto, B
Borroso, B
Lanzado, A
Variante, B
Aplomado, A
Vago, B
Circunspecto, B
Reflexivo, B
Seguro, A
Enérgico, A
Muable, B
Tranquilo, A
Resuelto, A
Movedizo, B
Grave, B
Mesurado, B
Dubitativo, B
Inseguro, B
Cambiante, B
Indeterminado, B
Inconstante, B
Prudente, B
Indeciso, B
Confiado, A
Emprendedor, A
Irresoluto, B
Variable, B
Inestable, B
Impreciso, B
Valiente, A"
28,MS,PS,"Aqui tienes una lista de adjetivos. Por cada adjetivo, escoge un escritor - A o B - y escribelo junto al adjetivo sin explicacin adicional. Pon una coma despues de cada escritor. Los adjetivos son: irresoluto, inseguro, borroso, dubitativo, ponderado, indeterminado, cicunspecto, movedizo, inconstante, audaz, perplejo, confiado, titubeante, confuso, valiente, enérgico, variante, inestable, impreciso, imperturbable, vacilante, seguro, mesurado, atrevido, resuelto, cambiante, emprendedor, lanzado, indeciso, decidido, prudente, tranquilo, vago, variable, incierto, aplomado, grave, sereno, reflexivo, mudable. A: Bueno, entonces me dijiste que te llamabas P B: Bueno, entonces me has dicho que te llamabas P","Irresoluto, B
Inseguro, B
Borroso, A
Dubitativo, B
Ponderado, A
Indeterminado, B
Circunspecto, A
Movedizo, B
Inconstante, B
Audaz, A
Perplejo, B
Confiado, A
Titubeante, B
Confuso, B
Valiente, A
Enérgico, A
Variante, B
Inestable, B
Impreciso, A
Imperturbable, A
Vacilante, B
Seguro, A
Mesurado, A
Atrevido, A
Resuelto, A
Cambiante, B
Emprendedor, A
Lanzado, A
Indeciso, B
Decidido, A
Prudente, A
Tranquilo, A
Vago, B
Variable, B
Incierto, B
Aplomado, A
Grave, A
Sereno, A
Reflexivo, A
Mudable, B"
29,PS,MS,"Aqui tienes una lista de adjetivos. Por cada adjetivo, escoge un escritor - A o B - y escribelo junto al adjetivo sin explicacin adicional. Pon una coma despues de cada escritor. Los adjetivos son: imperturbable, mesurado, perplejo, mudable, irresoluto, confuso, inconstante, valiente, impreciso, tranquilo, vacilante, ponderado, variante, vago, decidido, borroso, movedizo, aplomado, emprendedor, reflexivo, variable, grave, enérgico, indeterminado, inestable, resuelto, indeciso, titubeante, lanzado, incierto, dubitativo, audaz, atrevido, prudente, cicunspecto, confiado, cambiante, inseguro, seguro, sereno. A: Se enfada de todo, pero como te vas a enfadar porque hace calor B: Se enoja de todo, pero ni modo que te enojes porque hace calor","Imperturbable, B
Mesurado, A
Perplejo, B
Mudable, B
Irresoluto, A
Confuso, B
Inconstante, B
Valiente, A
Impreciso, B
Tranquilo, A
Vacilante, A
Ponderado, A
Variante, B
Vago, B
Decidido, A
Borroso, B
Movedizo, B
Aplomado, A
Emprendedor, A
Reflexivo, A
Variable, B
Grave, A
Enérgico, A
Indeterminado, B
Inestable, B
Resuelto, A
Indeciso, A
Titubeante, A
Lanzado, A
Incierto, B
Dubitativo, A
Audaz, A
Atrevido, A
Prudente, A
Circunspecto, A
Confiado, A
Cambiante, B
Inseguro, A
Seguro, A
Sereno, A"
30,MS,PS,"Aqui tienes una lista de adjetivos. Por cada adjetivo, escoge un escritor - A o B - y escribelo junto al adjetivo sin explicacin adicional. Pon una coma despues de cada escritor. Los adjetivos son: resuelto, lanzado, confiado, audaz, tranquilo, variable, variante, mudable, impreciso, movedizo, titubeante, cambiante, imperturbable, sereno, borroso, cicunspecto, emprendedor, dubitativo, prudente, vago, decidido, indeciso, vacilante, incierto, grave, aplomado, reflexivo, ponderado, atrevido, seguro, indeterminado, mesurado, irresoluto, perplejo, inseguro, inconstante, confuso, valiente, inestable, enérgico. A: Estaba muy pequeña la casa, pero estaba muy chida B: Estaba muy pequeña la casa, pero estaba muy guay","Resuelto, A
Lanzado, B
Confiado, B
Audaz, B
Tranquilo, A
Variable, A
Variante, A
Muable, A
Impreciso, A
Movedizo, A
Titubeante, A
Cambiante, A
Imperturbable, A
Sereno, A
Borroso, A
Circunspecto, A
Emprendedor, B
Dubitativo, A
Prudente, A
Vago, A
Decidido, A
Indeciso, A
Vacilante, A
Incierto, A
Grave, A
Aplomado, A
Reflexivo, A
Ponderado, A
Atrevido, B
Seguro, B
Indeterminado, A
Mesurado, A
Irresoluto, A
Perplejo, A
Inseguro, A
Inconstante, A
Confuso, A
Valiente, B
Inestable, A
Enérgico, B"
31,PS,MS,"Aqui tienes una lista de adjetivos. Por cada adjetivo, escoge un escritor - A o B - y escribelo junto al adjetivo sin explicacin adicional. Pon una coma despues de cada escritor. Los adjetivos son: variante, confiado, borroso, sereno, indeterminado, mudable, cambiante, seguro, aplomado, resuelto, titubeante, vago, impreciso, prudente, imperturbable, grave, inconstante, cicunspecto, enérgico, confuso, lanzado, ponderado, inestable, variable, emprendedor, decidido, tranquilo, dubitativo, atrevido, vacilante, indeciso, mesurado, inseguro, movedizo, valiente, incierto, irresoluto, perplejo, reflexivo, audaz. A: Comería lo que sea menos morcilla B: Comería lo que sea menos moronga","Variante, B
Confiado, A
Borroso, B
Sereno, A
Indeterminado, B
Muable, B
Cambiante, B
Seguro, A
Aplomado, A
Resuelto, A
Titubeante, B
Vago, B
Impreciso, B
Prudente, A
Imperturbable, A
Grave, A
Inconstante, B
Circunspecto, A
Enérgico, A
Confuso, B
Lanzado, A
Ponderado, A
Inestable, B
Variable, B
Emprendedor, A
Decidido, A
Tranquilo, A
Dubitativo, B
Atrevido, A
Vacilante, B
Indeciso, B
Mesurado, A
Inseguro, B
Movedizo, B
Valiente, A
Incierto, B
Irresoluto, B
Perplejo, B
Reflexivo, A
Audaz, A"
32,MS,PS,"Aqui tienes una lista de adjetivos. Por cada adjetivo, escoge un escritor - A o B - y escribelo junto al adjetivo sin explicacin adicional. Pon una coma despues de cada escritor. Los adjetivos son: cicunspecto, cambiante, variante, impreciso, aplomado, incierto, dubitativo, movedizo, inconstante, sereno, vago, enérgico, perplejo, imperturbable, ponderado, seguro, mudable, grave, inseguro, audaz, prudente, reflexivo, resuelto, indeterminado, tranquilo, titubeante, irresoluto, valiente, atrevido, decidido, mesurado, confuso, variable, emprendedor, inestable, lanzado, vacilante, confiado, indeciso, borroso. A: Venden tostadas con frijoles B: Venden tostadas con judías ","Cicunspecto, B
Cambiante, B
Variante, B
Impreciso, B
Aplomado, A
Incierto, B
Dubitativo, B
Movedizo, B
Inconstante, B
Sereno, A
Vago, B
Enérgico, A
Perplejo, B
Imperturbable, A
Ponderado, A
Seguro, A
Mudable, B
Grave, A
Inseguro, B
Audaz, A
Prudente, B
Reflexivo, A
Resuelto, A
Indeterminado, B
Tranquilo, A
Titubeante, B
Irresoluto, B
Valiente, A
Atrevido, A
Decidido, A
Mesurado, A
Confuso, B
Variable, B
Emprendedor, A
Inestable, B
Lanzado, A
Vacilante, B
Confiado, A
Indeciso, B
Borroso, B"
33,PS,MS,"Aqui tienes una lista de adjetivos. Por cada adjetivo, escoge un escritor - A o B - y escribelo junto al adjetivo sin explicacin adicional. Pon una coma despues de cada escritor. Los adjetivos son: inestable, dubitativo, decidido, borroso, audaz, vago, perplejo, ponderado, indeciso, confuso, atrevido, indeterminado, vacilante, variante, emprendedor, cicunspecto, titubeante, prudente, variable, mudable, seguro, movedizo, reflexivo, confiado, tranquilo, grave, inconstante, cambiante, irresoluto, impreciso, imperturbable, mesurado, inseguro, incierto, aplomado, lanzado, enérgico, resuelto, valiente, sereno. A: A veces le echo carne picada B: A veces le echo carne molida","Inestable, B
Dubitativo, A
Decidido, B
Borroso, A
Audaz, B
Vago, A
Perplejo, A
Ponderado, B
Indeciso, A
Confuso, A
Atrevido, B
Indeterminado, A
Vacilante, A
Variante, B
Emprendedor, B
Circunspecto, B
Titubeante, A
Prudente, B
Variable, A
Muable, A
Seguro, B
Movedizo, A
Reflexivo, B
Confiado, B
Tranquilo, B
Grave, B
Inconstante, A
Cambiante, A
Irresoluto, A
Impreciso, A
Imperturbable, B
Mesurado, B
Inseguro, A
Incierto, A
Aplomado, B
Lanzado, B
Enérgico, B
Resuelto, B
Valiente, B
Sereno, B"
34,MS,PS,"Aqui tienes una lista de adjetivos. Por cada adjetivo, escoge un escritor - A o B - y escribelo junto al adjetivo sin explicacin adicional. Pon una coma despues de cada escritor. Los adjetivos son: imperturbable, indeciso, audaz, incierto, emprendedor, seguro, mesurado, atrevido, prudente, movedizo, titubeante, reflexivo, irresoluto, variante, variable, cicunspecto, perplejo, sereno, inestable, decidido, cambiante, vacilante, confiado, enérgico, lanzado, resuelto, inconstante, ponderado, impreciso, grave, dubitativo, valiente, tranquilo, borroso, inseguro, mudable, vago, aplomado, indeterminado, confuso. A: ¿Qué tal te llevas con tus vecinos? - Bien, sales y platicas y echas carrilla y todo eso  B: ¿Qué tal te llevas con tus vecinos? - Bien, sales y charlas y vacilas y todo eso ","Imperturbable, A
Indeciso, B
Audaz, B
Incierto, B
Emprendedor, A
Seguro, A
Mesurado, A
Atrevido, B
Prudente, A
Movedizo, B
Titubeante, B
Reflexivo, A
Irresoluto, B
Variante, B
Variable, B
Circunspecto, A
Perplejo, B
Sereno, A
Inestable, B
Decidido, A
Cambiante, B
Vacilante, B
Confiado, A
Enérgico, A
Lanzado, B
Resuelto, A
Inconstante, B
Ponderado, A
Impreciso, B
Grave, A
Dubitativo, B
Valiente, B
Tranquilo, A
Borroso, B
Inseguro, B
Muable, B
Vago, B
Aplomado, A
Indeterminado, B
Confuso, B"
35,PS,MS,"Aqui tienes una lista de adjetivos. Por cada adjetivo, escoge un escritor - A o B - y escribelo junto al adjetivo sin explicacin adicional. Pon una coma despues de cada escritor. Los adjetivos son: confiado, movedizo, reflexivo, indeciso, borroso, emprendedor, inconstante, lanzado, mesurado, confuso, tranquilo, vacilante, cicunspecto, aplomado, dubitativo, inestable, variable, seguro, indeterminado, prudente, resuelto, sereno, inseguro, valiente, imperturbable, atrevido, mudable, impreciso, irresoluto, perplejo, incierto, titubeante, enérgico, grave, vago, decidido, variante, audaz, cambiante, ponderado. A: Ya ha pasado mucho tiempo B: Ya pasó mucho tiempo","Confiado, B
Movedizo, A
Reflexivo, B
Indeciso, A
Borroso, A
Emprendedor, B
Inconstante, A
Lanzado, B
Mesurado, B
Confuso, A
Tranquilo, B
Vacilante, A
Circunspecto, B
Aplomado, B
Dubitativo, A
Inestable, A
Variable, A
Seguro, B
Indeterminado, A
Prudente, B
Resuelto, B
Sereno, B
Inseguro, A
Valiente, B
Imperturbable, B
Atrevido, B
Mudable, A
Impreciso, A
Irresoluto, A
Perplejo, A
Incierto, A
Titubeante, A
Enérgico, B
Grave, B
Vago, A
Decidido, B
Variante, A
Audaz, B
Cambiante, A
Ponderado, B"
36,MS,PS,"Aqui tienes una lista de adjetivos. Por cada adjetivo, escoge un escritor - A o B - y escribelo junto al adjetivo sin explicacin adicional. Pon una coma despues de cada escritor. Los adjetivos son: cambiante, prudente, dubitativo, tranquilo, atrevido, imperturbable, grave, mesurado, aplomado, inseguro, inconstante, titubeante, seguro, variable, movedizo, emprendedor, ponderado, cicunspecto, sereno, perplejo, decidido, confuso, variante, reflexivo, audaz, incierto, indeterminado, indeciso, valiente, impreciso, confiado, vacilante, vago, resuelto, mudable, enérgico, lanzado, borroso, inestable, irresoluto. A: Me gustaba leer desde muy chiquito, pero no sé por qué perdí eso B: Me gustaba leer desde muy pequeño, pero no sé por qué he perdido eso","Cambiante, B, Prudente, A, Dubitativo, A, Tranquilo, A, Atrevido, B, Imperturbable, A, Grave, A, Mesurado, A, Aplomado, A, Inseguro, A, Inconstante, B, Titubeante, A, Seguro, B, Variable, B, Movedizo, B, Emprendedor, B, Ponderado, A, Circunspecto, A, Sereno, A, Perplejo, A, Decidido, B, Confuso, A, Variante, B, Reflexivo, A, Audaz, B, Incerto, A, Indeterminado, A, Indeciso, A, Valiente, B, Impreciso, A, Confiado, B, Vacilante, A, Vago, A, Resuelto, B, Mudable, B, Enérgico, B, Lanzado, B, Borroso, A, Inestable, B, Irresoluto, A.
"
37,PS,MS,"Aqui tienes una lista de adjetivos. Por cada adjetivo, escoge un escritor - A o B - y escribelo junto al adjetivo sin explicacin adicional. Pon una coma despues de cada escritor. Los adjetivos son: perplejo, confiado, variable, valiente, confuso, inestable, grave, emprendedor, indeciso, audaz, mesurado, vago, resuelto, cicunspecto, dubitativo, variante, seguro, decidido, lanzado, tranquilo, enérgico, ponderado, movedizo, inconstante, incierto, sereno, irresoluto, impreciso, vacilante, cambiante, inseguro, borroso, mudable, reflexivo, imperturbable, titubeante, aplomado, atrevido, indeterminado, prudente. A: Se ve muy joven porque a él todo le da igual B: Se ve muy joven porque a él todo le vale","Perplejo, B
Confiado, A
Variable, B
Valiente, A
Confuso, B
Inestable, B
Grave, B
Emprendedor, A
Indeciso, B
Audaz, A
Mesurado, B
Vago, A
Resuelto, A
Circunspecto, B
Dubitativo, B
Variante, B
Seguro, A
Decidido, A
Lanzado, A
Tranquilo, B
Enérgico, A
Ponderado, B
Movedizo, B
Inconstante, B
Incierto, B
Sereno, B
Irresoluto, B
Impreciso, B
Vacilante, B
Cambiante, B
Inseguro, B
Borroso, B
Muable, B
Reflexivo, B
Imperturbable, B
Titubeante, B
Aplomado, A
Atrevido, A
Indeterminado, B
Prudente, B
"
38,MS,PS,"Aqui tienes una lista de adjetivos. Por cada adjetivo, escoge un escritor - A o B - y escribelo junto al adjetivo sin explicacin adicional. Pon una coma despues de cada escritor. Los adjetivos son: enérgico, inconstante, tranquilo, vago, prudente, resuelto, vacilante, valiente, emprendedor, lanzado, grave, movedizo, cicunspecto, audaz, mudable, indeciso, decidido, indeterminado, inseguro, seguro, sereno, irresoluto, atrevido, aplomado, variante, variable, cambiante, borroso, inestable, ponderado, reflexivo, imperturbable, confuso, perplejo, incierto, titubeante, mesurado, dubitativo, impreciso, confiado. A: Para agarrarle la onda a la clase otra vez B: Para coger el hilo de la clase otra vez ","Enérgico, A
Inconstante, B
Tranquilo, A
Vago, B
Prudente, A
Resuelto, A
Vacilante, B
Valiente, A
Emprendedor, A
Lanzado, A
Grave, B
Movedizo, B
Circunspecto, A
Audaz, A
Mirable, B
Indeciso, B
Decidido, A
Indeterminado, B
Inseguro, B
Seguro, A
Sereno, A
Irresoluto, B
Atrevido, A
Aplomado, A
Variante, B
Variable, B
Cambiante, B
Borroso, B
Inestable, B
Ponderado, A
Reflexivo, A
Imperturbable, A
Confuso, B
Perplejo, B
Incierto, B
Titubeante, B
Mesurado, A
Dubitativo, B
Impreciso, B
Confiado, A"
39,PS,MS,"Aqui tienes una lista de adjetivos. Por cada adjetivo, escoge un escritor - A o B - y escribelo junto al adjetivo sin explicacin adicional. Pon una coma despues de cada escritor. Los adjetivos son: grave, indeciso, variante, cambiante, tranquilo, resuelto, movedizo, emprendedor, inconstante, mudable, audaz, inestable, indeterminado, ponderado, vago, seguro, confiado, inseguro, atrevido, aplomado, vacilante, prudente, impreciso, variable, titubeante, irresoluto, valiente, confuso, decidido, dubitativo, cicunspecto, reflexivo, borroso, perplejo, imperturbable, incierto, mesurado, lanzado, sereno, enérgico. A: Estaba bonito porque no había coches B: Estaba bonito porque no había carros","Grave, B, Indeciso, B, Variante, B, Cambiante, B, Tranquilo, A, Resuelto, A, Movedizo, B, Emprendedor, A, Inconstante, B, Mudable, B, Audaz, A, Inestable, B, Indeterminado, B, Ponderado, A, Vago, B, Seguro, A, Confiado, A, Inseguro, B, Atrevido, A, Aplomado, A, Vacilante, B, Prudente, A, Impreciso, B, Variable, B, Titubeante, B, Irresoluto, B, Valiente, A, Confuso, B, Decidido, A, Dubitativo, B, Circunspecto, A, Reflexivo, A, Borroso, B, Perplejo, B, Imperturbable, A, Incerto, B, Mesurado, A, Lanzado, A, Sereno, A, Enérgico, A."
40,MS,PS,"Aqui tienes una lista de adjetivos. Por cada adjetivo, escoge un escritor - A o B - y escribelo junto al adjetivo sin explicacin adicional. Pon una coma despues de cada escritor. Los adjetivos son: inconstante, confiado, cambiante, resuelto, enérgico, titubeante, emprendedor, decidido, perplejo, sereno, borroso, inseguro, irresoluto, vacilante, vago, indeciso, mudable, ponderado, cicunspecto, valiente, reflexivo, lanzado, movedizo, variante, mesurado, impreciso, confuso, aplomado, dubitativo, inestable, indeterminado, imperturbable, prudente, incierto, tranquilo, audaz, seguro, atrevido, variable, grave. A: Quieres dormir, pero no puedes porque pasasan camiones B: Quieres dormir, pero no puedes porque pasasan autobuses ","Inconstante, B
Confiado, A
Cambiante, B
Resuelto, A
Enérgico, B
Titubeante, A
Emprendedor, B
Decidido, A
Perplejo, B
Sereno, A
Borroso, B
Inseguro, A
Irresoluto, B
Vacilante, A
Vago, B
Indeciso, A
Muable, B
Ponderado, A
Circunspecto, B
Valiente, A
Reflexivo, B
Lanzado, A
Movedizo, B
Variante, A
Mesurado, B
Impreciso, A
Confuso, B
Aplomado, A
Dubitativo, B
Inestable, A
Indeterminado, B
Imperturbable, A
Prudente, B
Incierto, A
Tranquilo, B
Audaz, A
Seguro, B
Atrevido, A
Variable, B
Grave, A"
41,PS,MS,"Aqui tienes una lista de adjetivos. Por cada adjetivo, escoge un escritor - A o B - y escribelo junto al adjetivo sin explicacin adicional. Pon una coma despues de cada escritor. Los adjetivos son: aplomado, titubeante, incierto, mesurado, borroso, emprendedor, lanzado, confuso, resuelto, vago, inestable, variable, tranquilo, cambiante, inconstante, variante, prudente, audaz, decidido, indeciso, reflexivo, sereno, ponderado, seguro, confiado, perplejo, mudable, cicunspecto, grave, indeterminado, vacilante, enérgico, movedizo, irresoluto, inseguro, atrevido, valiente, imperturbable, impreciso, dubitativo. A: Cuando yo era niño casi no había campos de fútbol B: Cuando yo era niño casi no había canchas de fútbol","Aplomado, A,
Titubeante, B,
Incierto, B,
Mesurado, A,
Borroso, B,
Emprendedor, A,
Lanzado, A,
Confuso, B,
Resuelto, A,
Vago, B,
Inestable, B,
Variable, B,
Tranquilo, A,
Cambiante, B,
Inconstante, B,
Variante, B,
Prudente, A,
Audaz, A,
Decidido, A,
Indeciso, B,
Reflexivo, A,
Sereno, A,
Ponderado, A,
Seguro, A,
Confiado, A,
Perplejo, B,
Mmutable, B,
Circunspecto, A,
Grave, A,
Indeterminado, B,
Vacilante, B,
Enérgico, A,
Movedizo, B,
Irresoluto, B,
Inseguro, B,
Atrevido, A,
Valiente, A,
Imperturbable, A,
Impreciso, B,
Dubitativo, B.
"
42,MS,PS,"Aqui tienes una lista de adjetivos. Por cada adjetivo, escoge un escritor - A o B - y escribelo junto al adjetivo sin explicacin adicional. Pon una coma despues de cada escritor. Los adjetivos son: dubitativo, aplomado, titubeante, valiente, grave, vago, indeciso, inseguro, cicunspecto, cambiante, atrevido, impreciso, decidido, mudable, emprendedor, variable, mesurado, confuso, inconstante, movedizo, irresoluto, variante, audaz, enérgico, seguro, incierto, borroso, resuelto, confiado, tranquilo, indeterminado, imperturbable, sereno, lanzado, reflexivo, inestable, perplejo, prudente, vacilante, ponderado. A: Ahora tenemos chance de ir al estadio, pero antes no B: Ahora tenemos oportunidad de ir al estadio, pero antes no","Dubitativo, B
Aplomado, A
Titubeante, B
Valiente, A
Grave, A
Vago, B
Indeciso, B
Inseguro, B
Circunspecto, A
Cambiante, B
Atrevido, A
Impreciso, B
Decidido, A
Mirable, B
Emprendedor, A
Variable, B
Mesurado, A
Confuso, B
Inconstante, B
Movedizo, B
Irresoluto, B
Variante, B
Audaz, A
Enérgico, A
Seguro, A
Incierto, B
Borroso, B
Resuelto, A
Confiado, A
Tranquilo, A
Indeterminado, B
Imperturbable, A
Sereno, A
Lanzado, A
Reflexivo, A
Inestable, B
Perplejo, B
Prudente, A
Vacilante, B
Ponderado, A"
43,PS,MS,"Aqui tienes una lista de adjetivos. Por cada adjetivo, escoge un escritor - A o B - y escribelo junto al adjetivo sin explicacin adicional. Pon una coma despues de cada escritor. Los adjetivos son: ponderado, valiente, seguro, lanzado, mesurado, decidido, confiado, mudable, reflexivo, borroso, irresoluto, sereno, dubitativo, vago, vacilante, tranquilo, aplomado, inconstante, movedizo, perplejo, inestable, enérgico, titubeante, confuso, resuelto, audaz, atrevido, cicunspecto, grave, incierto, indeciso, impreciso, emprendedor, variante, indeterminado, imperturbable, prudente, cambiante, inseguro, variable. A: ¿Cómo consideras que es tu mamá? - Es guay B: ¿Cómo consideras que es tu mamá? - Es buena onda","Ponderado, A, Valiente, B, Seguro, A, Lanzado, B, Mesurado, A, Decidido, A, Confiado, A, Mudable, B, Reflexivo, A, Borroso, B, Irresoluto, B, Sereno, A, Dubitativo, B, Vago, B, Vacilante, B, Tranquilo, A, Aplomado, A, Inconstante, B, Movedizo, B, Perplejo, B, Inestable, B, Enérgico, A, Titubeante, B, Confuso, B, Resuelto, A, Audaz, B, Atrevido, B, Circunspecto, A, Grave, A, Incerto, B, Indeciso, B, Impreciso, B, Emprendedor, A, Variante, B, Indeterminado, B, Imperturbable, A, Prudente, A, Cambiante, B, Inseguro, B, Variable, B.
"
44,MS,PS,"Aqui tienes una lista de adjetivos. Por cada adjetivo, escoge un escritor - A o B - y escribelo junto al adjetivo sin explicacin adicional. Pon una coma despues de cada escritor. Los adjetivos son: confuso, resuelto, sereno, confiado, inseguro, seguro, grave, mesurado, atrevido, reflexivo, perplejo, ponderado, mudable, indeterminado, imperturbable, enérgico, irresoluto, dubitativo, decidido, emprendedor, cicunspecto, inestable, incierto, variante, valiente, indeciso, audaz, tranquilo, impreciso, variable, borroso, inconstante, vago, lanzado, cambiante, aplomado, prudente, movedizo, titubeante, vacilante. A: Los morros ya no quieren un carrito de madera, quieren un carro de plástico y con control remoto  B: Los críos ya no quieren un cochecito madera, quieren un coche de plástico y con control remoto ","Confuso, B
Resuelto, A
Sereno, B
Confiado, A
Inseguro, B
Seguro, A
Grave, B
Mesurado, B
Atrevido, A
Reflexivo, B
Perplejo, B
Ponderado, B
Muable, A
Indeterminado, B
Imperturbable, B
Enérgico, A
Irresoluto, B
Dubitativo, B
Decidido, A
Emprendedor, A
Circunspecto, B
Inestable, A
Incierto, B
Variante, A
Valiente, A
Indeciso, B
Audaz, A
Tranquilo, B
Impreciso, B
Variable, A
Borroso, B
Inconstante, A
Vago, B
Lanzado, A
Cambiante, A
Aplomado, B
Prudente, B
Movedizo, B
Titubeante, B
Vacilante, B"
45,PS,MS,"Aqui tienes una lista de adjetivos. Por cada adjetivo, escoge un escritor - A o B - y escribelo junto al adjetivo sin explicacin adicional. Pon una coma despues de cada escritor. Los adjetivos son: tranquilo, perplejo, ponderado, audaz, irresoluto, sereno, mudable, prudente, imperturbable, cicunspecto, cambiante, titubeante, borroso, enérgico, mesurado, incierto, indeciso, emprendedor, indeterminado, resuelto, decidido, movedizo, inestable, dubitativo, seguro, vago, impreciso, variante, aplomado, variable, valiente, vacilante, lanzado, inseguro, reflexivo, confiado, grave, atrevido, inconstante, confuso. A: Ahora ya tan solo le mueves al coche y se va para donde tú quieras B: Ahorita ya nomás le mueves al carro y se va para donde tú quieras","Tranquilo, B
Perplejo, B
Ponderado, A
Audaz, B
Irresoluto, A
Sereno, A
Muable, B
Prudente, A
Imperturbable, A
Circunspecto, A
Cambiante, B
Titubeante, A
Borroso, B
Enérgico, B
Mesurado, A
Incierto, A
Indeciso, A
Emprendedor, B
Indeterminado, A
Resuelto, A
Decidido, A
Movedizo, B
Inestable, B
Dubitativo, A
Seguro, A
Vago, B
Impreciso, B
Variante, B
Aplomado, A
Variable, B
Valiente, B
Vacilante, A
Lanzado, B
Inseguro, A
Reflexivo, A
Confiado, A
Grave, A
Atrevido, B
Inconstante, B
Confuso, B"
46,MS,PS,"Aqui tienes una lista de adjetivos. Por cada adjetivo, escoge un escritor - A o B - y escribelo junto al adjetivo sin explicacin adicional. Pon una coma despues de cada escritor. Los adjetivos son: variante, vacilante, sereno, grave, cicunspecto, imperturbable, titubeante, tranquilo, irresoluto, impreciso, audaz, inconstante, indeterminado, mesurado, valiente, ponderado, seguro, variable, resuelto, atrevido, decidido, movedizo, confiado, mudable, perplejo, lanzado, inseguro, incierto, prudente, aplomado, indeciso, enérgico, cambiante, dubitativo, confuso, emprendedor, inestable, vago, reflexivo, borroso. A: Me la paso aquí y allá, cotorreando con mis compas B: Me la paso aquí y allá, charlando con mis colegas","Variante, B
Vacilante, B
Sereno, A
Grave, A
Circunspecto, A
Imperturbable, A
Titubeante, B
Tranquilo, A
Irresoluto, B
Impreciso, B
Audaz, B
Inconstante, B
Indeterminado, B
Mesurado, A
Valiente, B
Ponderado, A
Seguro, A
Variable, B
Resuelto, A
Atrevido, B
Decidido, A
Movedizo, B
Confiado, A
Muable, B
Perplejo, B
Lanzado, B
Inseguro, B
Incierto, B
Prudente, A
Aplomado, A
Indeciso, B
Enérgico, B
Cambiante, B
Dubitativo, B
Confuso, B
Emprendedor, B
Inestable, B
Vago, B
Reflexivo, A
Borroso, B"
47,PS,MS,"Aqui tienes una lista de adjetivos. Por cada adjetivo, escoge un escritor - A o B - y escribelo junto al adjetivo sin explicacin adicional. Pon una coma despues de cada escritor. Los adjetivos son: cicunspecto, resuelto, cambiante, indeterminado, seguro, inconstante, incierto, impreciso, decidido, perplejo, valiente, irresoluto, mesurado, mudable, variable, reflexivo, movedizo, sereno, imperturbable, lanzado, ponderado, indeciso, atrevido, aplomado, vago, borroso, variante, confiado, dubitativo, confuso, enérgico, emprendedor, grave, prudente, vacilante, tranquilo, audaz, inestable, titubeante, inseguro. A: Ha causado mucho sufrimiento para mi  jefe, que es lo que más me entristecía B: Causó mucho sufrimiento para mi  jefe, que es lo que más me agüitaba","Cicunspecto, B
Resuelto, A
Cambiante, B
Indeterminado, B
Seguro, A
Inconstante, B
Incierto, B
Impreciso, B
Decidido, A
Perplejo, B
Valiente, A
Irresoluto, B
Mesurado, A
Muable, B
Variable, B
Reflexivo, A
Movedizo, B
Sereno, A
Imperturbable, A
Lanzado, A
Ponderado, A
Indeciso, B
Atrevido, A
Aplomado, A
Vago, B
Borroso, B
Variante, B
Confiado, A
Dubitativo, B
Confuso, B
Enérgico, A
Emprendedor, A
Grave, A
Prudente, A
Vacilante, B
Tranquilo, A
Audaz, A
Inestable, B
Titubeante, B
Inseguro, B"
48,MS,PS,"Aqui tienes una lista de adjetivos. Por cada adjetivo, escoge un escritor - A o B - y escribelo junto al adjetivo sin explicacin adicional. Pon una coma despues de cada escritor. Los adjetivos son: tranquilo, dubitativo, inseguro, confiado, cambiante, decidido, indeterminado, borroso, reflexivo, perplejo, atrevido, aplomado, irresoluto, grave, enérgico, resuelto, variable, movedizo, sereno, valiente, imperturbable, incierto, vago, titubeante, inconstante, prudente, audaz, lanzado, emprendedor, cicunspecto, mudable, inestable, seguro, impreciso, variante, indeciso, mesurado, vacilante, confuso, ponderado. A: Yo te conozco, carnal ¡Qué te vaya bien! B: Yo te conozco, tronco ¡Qué te vaya bien!","Tranquilo, B
Dubitativo, B
Inseguro, B
Confiado, A
Cambiante, B
Decidido, A
Indeterminado, B
Borroso, B
Reflexivo, A
Perplejo, B
Atrevido, A
Aplomado, A
Irresoluto, B
Grave, A
Enérgico, A
Resuelto, A
Variable, B
Movedizo, B
Sereno, B
Valiente, A
Imperturbable, B
Incierto, B
Vago, B
Titubeante, B
Inconstante, B
Prudente, A
Audaz, A
Lanzado, A
Emprendedor, A
Circunspecto, A
Mmutable, B
Inestable, B
Seguro, A
Impreciso, B
Variante, B
Indeciso, B
Mesurado, A
Vacilante, B
Confuso, B
Ponderado, A"
49,PS,MS,"Aqui tienes una lista de adjetivos. Por cada adjetivo, escoge un escritor - A o B - y escribelo junto al adjetivo sin explicacin adicional. Pon una coma despues de cada escritor. Los adjetivos son: variable, borroso, prudente, inconstante, imperturbable, reflexivo, movedizo, tranquilo, cambiante, decidido, sereno, atrevido, lanzado, irresoluto, audaz, confiado, indeciso, impreciso, indeterminado, inseguro, mesurado, titubeante, cicunspecto, resuelto, ponderado, emprendedor, incierto, perplejo, confuso, enérgico, vacilante, inestable, variante, valiente, aplomado, grave, vago, dubitativo, seguro, mudable. A: Yo me quedaba aquí, haciendo los deberes B: Yo me quedaba aquí, haciendo la tarea","Variable, B
Borroso, B
Prudente, A
Inconstante, B
Imperturbable, A
Reflexivo, A
Movedizo, B
Tranquilo, A
Cambiante, B
Decidido, A
Sereno, A
Atrevido, B
Lanzado, B
Irresoluto, B
Audaz, B
Confiado, A
Indeciso, B
Impreciso, B
Indeterminado, B
Inseguro, B
Mesurado, A
Titubeante, B
Circunspecto, A
Resuelto, A
Ponderado, A
Emprendedor, B
Incierto, B
Perplejo, B
Confuso, B
Enérgico, B
Vacilante, B
Inestable, B
Variante, B
Valiente, B
Aplomado, A
Grave, A
Vago, B
Dubitativo, B
Seguro, A
Muable, B"
50,MS,PS,"Aqui tienes una lista de adjetivos. Por cada adjetivo, escoge un escritor - A o B - y escribelo junto al adjetivo sin explicacin adicional. Pon una coma despues de cada escritor. Los adjetivos son: seguro, indeterminado, cambiante, dubitativo, aplomado, perplejo, borroso, indeciso, atrevido, vacilante, inconstante, prudente, grave, irresoluto, ponderado, lanzado, sereno, movedizo, titubeante, tranquilo, impreciso, valiente, decidido, emprendedor, imperturbable, confuso, inestable, cicunspecto, mudable, variable, reflexivo, audaz, vago, enérgico, incierto, mesurado, confiado, variante, resuelto, inseguro. A: A mí la verdad es que no se me dió muy bien la escuela B: A mí la verdad es que no se me ha dado muy bien el colegio","Seguro, A.
Indeterminado, B.
Cambiante, B.
Dubitativo, B.
Aplomado, A.
Perplejo, B.
Borroso, B.
Indeciso, B.
Atrevido, A.
Vacilante, B.
Inconstante, B.
Prudente, A.
Grave, A.
Irresoluto, B.
Ponderado, A.
Lanzado, A.
Sereno, A.
Movedizo, B.
Titubeante, B.
Tranquilo, A.
Impreciso, B.
Valiente, A.
Decidido, A.
Emprendedor, A.
Imperturbable, A.
Confuso, B.
Inestable, B.
Circunspecto, A.
Muable, B.
Variable, B.
Reflexivo, A.
Audaz, A.
Vago, B.
Enérgico, A.
Incierto, B.
Mesurado, A.
Confiado, A.
Variante, B.
Resuelto, A.
Inseguro, B."
